Grupa;Nazwa;Cena;Waluta
Akcesoria Apator;RC – 03;330;PLN
Akcesoria Apator;RY – 00;114;PLN
Akcesoria Apator;ES – 3 ;370;PLN
Akcesoria Apator;AS – 200;2 540;PLN
Akcesoria Apator;EG1010A;120;PLN
Akcesoria Apator;EG3010A;130;PLN
Akcesoria Apator;EG5010A;140;PLN
Akcesoria Apator;VFDB4030;296;EUR
Akcesoria Apator;VFDB4045;352;EUR
Akcesoria Apator;VFDB4132;1 038;EUR
Akcesoria Apator;VFDB4110;832;EUR
Akcesoria Apator;VFDB4160;1 360;EUR
Akcesoria Apator;VFDB4185;1 498;EUR
Akcesoria Apator;DOW 4,7kW DOW 4,7kW ;95;PLN
Akcesoria Apator;DOW 4,7kW skalaDOW 4,7kW skala;55;PLN
Akcesoria Apator;DOW 4,7kW pokrętło;60;PLN
Akcesoria Control Techniques;SK Keypad Remote;75,90;EUR
Akcesoria Control Techniques;Keypad SP0;48,30;EUR
Akcesoria Control Techniques;SM Keypad Plus (LCD);195,50;EUR
Akcesoria Control Techniques;Smart Stick;24,15;EUR
Akcesoria Control Techniques;Logic Stick;44,85;EUR
Akcesoria Apator;DMW-0008/EJ;1 440;PLN
Akcesoria Apator;Regulator DML/EJ;1 240;PLN
Akcesoria Apator;Regulator DML/BN;1 340;PLN
Akcesoria Apator;Regulator DML/MN /MJ;2 240;PLN
Akcesoria Apator;PATO 90-12;980;PLN
Akcesoria Apator;PZTP78-14 20V;1 540;PLN
Akcesoria Apator;PATO 78-14 20V;980;PLN
Akcesoria Apator;Transformator DML/EJ;170;PLN
Akcesoria Apator;Transformator DML/MN/MJ;190;PLN
Akcesoria Apator;PE - 23;510;PLN
Akcesoria Control Techniques;SM DeviceNet;152,95;EUR
Akcesoria Control Techniques;SM Profibus;195,50;EUR
Akcesoria Control Techniques;SM CanOpen;152,95;EUR
Akcesoria Control Techniques;SM CAN;152,95;EUR
Akcesoria Control Techniques;SM Ethernet;357,65;EUR
Akcesoria Control Techniques;SM Application Lite;192,05;EUR
Akcesoria Control Techniques;SM Application Lite V2;163,30;EUR
Akcesoria Control Techniques;SM Application Plus;280,60;EUR
Akcesoria Control Techniques;SM-I/O 32;162,15;EUR
Akcesoria Control Techniques;SM-I/O 32 Breakout;103,50;EUR
Akcesoria Control Techniques;SM-I/O 32 Full Kit;288,65;EUR
Akcesoria Control Techniques;SM Application;280,60;EUR
Akcesoria Control Techniques;SM I/O Plus;152,95;EUR
Akcesoria Control Techniques;SM I/O 32 Cable - 2m.;44,85;EUR
Akcesoria Control Techniques;PIR6W-1P-24V DC;23,00;EUR
Akcesoria Control Techniques;SM Encoder Plus;94,30;EUR
Akcesoria Control Techniques;SM Universal Encoder Plus;239,20;EUR
Akcesoria Control Techniques;SM Encoder Output Plus;118,45;EUR
Akcesoria Control Techniques;SM Keypad;69,00;EUR
Akcesoria Control Techniques;SM Resolver;226,55;EUR
Akcesoria Control Techniques;SM Profinet;417,45;EUR
Akcesoria Control Techniques;SyPTPro;510,60;EUR
Akcesoria Control Techniques;CT Comms Cable (SE – 71);138,00;EUR
Akcesoria Control Techniques;CT USB Comms Cable;138,00;EUR
Akcesoria Control Techniques;SM 15 Way;44,85;EUR
Akcesoria Control Techniques;15V Single Ended Logic I/P;34,50;EUR
Akcesoria Control Techniques;Smart Card;17,25;EUR
Akcesoria Control Techniques;SM Interbus;288,65;EUR
Akcesoria Control Techniques;SM Sercos;449,65;EUR
Akcesoria Control Techniques;SM I/O Lite;95,45;EUR
Akcesoria Control Techniques;SM PELV;173,65;EUR
Akcesoria Control Techniques;SM Bipolar;57,50;EUR
Akcesoria Control Techniques;SM I/O 24V;173,65;EUR
Akcesoria Control Techniques;SMI/O 120;155,25;EUR
Akcesoria Control Techniques;SM I/O Timer;112,70;EUR
Akcesoria Control Techniques;SM EZ Easy Motion;318,55;EUR
Akcesoria Control Techniques;Rezystor UNI SP 1;46,00;EUR
Akcesoria Control Techniques;Rezystor UNI SP 2;79,35;EUR
Akcesoria Control Techniques;Rezystor SP0/DST;23,00;EUR
Akcesoria Control Techniques;CT Net Cable (1 mb);14,95;EUR
Akcesoria Control Techniques;ENKODER pr. SICK;215,05;EUR
Akcesoria Control Techniques;SM Ethercat;426,65;EUR
Akcesoria Control Techniques;SM Lonworks;219,65;EUR
AMD-B;AMD-B-0002/RN 53;263;EUR
AMD-B;AMD-B-0004/RN 53;280;EUR
AMD-B;AMD-B-0006/RN 53;366;EUR
AMD-B;AMD-B-0008/RN 53;432;EUR
AMD-B;AMD-B-0013/RN 53;593;EUR
AMD-B;AMD-B-0018/RN 53;686;EUR
AMD-B;AMD-B-0024/RN 53;837;EUR
AMD-B;AMD-B-0032/RN 53;1 003;EUR
AMD-B;AMD-B-0038/RN 53;1 269;EUR
AMD-B;AMD-B-0045/RN 53;1 368;EUR
AMD-B;AMD-B-0060/RN 53;1 866;EUR
AMD-B;AMD-B-0075/RN 53;2 336;EUR
AMD-B;AMD-B-0090/RN 53;2 816;EUR
AMD-B;AMD-B-0005/RN21;224;EUR
AMD-B;AMD-B-0007/RN21;259;EUR
AMD-B;AMD-B-0011/RN21;330;EUR
AMD-E;AMD-E-0003/RN21;117;EUR
AMD-E;AMD-E-0005/RN21;134;EUR
AMD-E;AMD-E-0007/RN21;161;EUR
AMD-E;AMD-E-0011/RN21;191;EUR
AMD-E;AMD-E-0002/RN 53;216;EUR
AMD-E;AMD-E-0004/RN 53;231;EUR
AMD-E;AMD-E-0006/RN 53;246;EUR
AMD-E;AMD-E-0008/RN 53;296;EUR
AMD-E;AMD-E-0013/RN 53;371;EUR
AMD-E;AMD-E-0018/RN 53;440;EUR
AMD-E;AMD-E-0024/RN 53;545;EUR
AMD-F;AMD-F-0013/RN 53;452;EUR
AMD-F;AMD-F-0018/RN 53;523;EUR
AMD-F;AMD-F-0024/RN 53;611;EUR
AMD-F;AMD-F-0032/RN 53;764;EUR
AMD-F;AMD-F-0038/RN 53;916;EUR
AMD-F;AMD-F-0045/RN 53;993;EUR
AMD-F;AMD-F-0060/RN 53;1 231;EUR
AMD-F;AMD-F-0075/RN 53;1 648;EUR
AMD-F;AMD-F-0090/RN 53;1 889;EUR
AMD-F;AMD-F-0110/RN 53;2 326;EUR
AMD-F;AMD-F-0150/RN 53;3 007;EUR
AMD-F;AMD-F-0180/RN 53;4 294;EUR
AMD-F;AMD-F-0220/RN 53;5 180;EUR
AMD-F;AMD-F-0260/RN 53;7 012;EUR
AMD-F;AMD-F-0310/RN 53;7 651;EUR
AMD-F;AMD-F-0370/RN 53;9 207;EUR
AMD-F;AMD-F-0460/RN 53;10 965;EUR
AMD-C 2000;0003/RN53A;360;EUR
AMD-C 2000;0004/RN53A;385;EUR
AMD-C 2000;0006/RN53A;420;EUR
AMD-C 2000;0009/RN53A;536;EUR
AMD-M;AMD-M-0003/RN 21;231;EUR
AMD-M;AMD-M-0005/RN 21;251;EUR
AMD-M;AMD-M-0007/RN 21;304;EUR
AMD-S;AMD-S-0003/RN 21;150;EUR
AMD-S;AMD-S-0005/RN 21;167;EUR
AMD-S;AMD-S-0007/RN 21;202;EUR
AMD-S;AMD-S-0011/RN21;261;EUR
AMD-S;AMD-S-0002/RN 53;227;EUR
AMD-S;AMD-S-0004/RN 53;238;EUR
AMD-S;AMD-S-0006/RN 53;281;EUR
AMD-SL;AMD-SL-0003/RN 21;184;EUR
AMD-SL;AMD-SL-0005/RN 21;206;EUR
AXOR;CD180   8/16;832;EUR
AXOR;CD180  12/24;899;EUR
AXOR;CD180  15/30;933;EUR
AXOR;CD180  25/50;997;EUR
AXOR;CD180  30/75;1 159;EUR
AXOR;CD180  50/100;1 561;EUR
AXOR;CD180  50/150;1 990;EUR
Bezpieczniki;NH00 40A gR UN;106;PLN
Bezpieczniki;NH00 63A gR UN;117;PLN
Bezpieczniki;NH00 100A gR UN;128;PLN
Bezpieczniki;NH00 125A gR UN;110;PLN
Bezpieczniki;NH00 160A gR UN;110;PLN
Bezpieczniki;NH1 200A aR UN;200;PLN
Bezpieczniki;NH2 315A aR UN;220;PLN
Bezpieczniki;NH3 400A aR UN;240;PLN
Bezpieczniki;NH3 450A aR UN;280;PLN
Bezpieczniki;NH3 500A aR UN;290;PLN
Bezpieczniki;NH3 630A aR UN;330;PLN
Bezpieczniki;170M6811 700A ;514;PLN
Bezpieczniki;170M6813 900A ;556;PLN
Bezpieczniki;170M6814 1000A;588;PLN
Bezpieczniki;170M6066 1250A;693;PLN
Bezpieczniki;170M6067 1400A;724;PLN
Bezpieczniki;170M7063 2400A;1 837;PLN
Commander SK 3x240V;SKD 3200400;499,10;EUR
Commander SK 3x240V;SK 2201;740,60;EUR
Commander SK 3x240V;SK 2202;778,55;EUR
Commander SK 3x240V;SK 2203;945,30;EUR
Commander SK 3x240V;SK 3201;1 666,35;EUR
Commander SK 3x240V;SK 3202;1 982,60;EUR
Commander SK 3x240V;SK 4201;3 068,20;EUR
Commander SK 3x240V;SK 4202;3 144,10;EUR
Commander SK 3x240V;SK 4203;3 223,45;EUR
Commander SK 575V;SK 3501;1 706,60;EUR
Commander SK 575V;SK 3502;1 745,70;EUR
Commander SK 575V;SK 3503;1 805,50;EUR
Commander SK 575V;SK 3504;1 883,70;EUR
Commander SK 575V;SK 3505;1 982,60;EUR
Commander SK 575V;SK 3506;2 081,50;EUR
Commander SK 575V;SK 3507;2 562,20;EUR
Commander SK 575V/690V;SK 4601;3 301,65;EUR
Commander SK 575V/690V;SK 4602;3 553,50;EUR
Commander SK 575V/690V;SK 4603;3 740,95;EUR
Commander SK 575V/690V;SK 4604;3 945,65;EUR
Commander SK 575V/690V;SK 4605;4 682,80;EUR
Commander SK 575V/690V;SK 4606;5 396,95;EUR
Commander SK 575V/690V;SK 5601;7 307,10;EUR
Commander SK 575V/690V;SK 5602;8 079,90;EUR
Commander SK 575V/690V;SK 6601;10 126,90;EUR
Commander SK 575V/690V;SK 6602;11 002,05;EUR
Commander SK;SKA 1200025;171,35;EUR
Commander SK;SKA 1200037;177,10;EUR
Commander SK;SKA 1200055;188,60;EUR
Commander SK;SKA 1200075;197,80;EUR
Commander SK;SKBD 200110;251,85;EUR
Commander SK;SKBD 200150;286,35;EUR
Commander SK;SKCD 200220;322,00;EUR
Commander SK;SKDD 200300;455,40;EUR
Commander SK;SKB 3400037;324,30;EUR
Commander SK;SKB 3400055;325,45;EUR
Commander SK;SKB 3400075;328,90;EUR
Commander SK;SKB 3400110;351,90;EUR
Commander SK;SKB 3400150;379,50;EUR
Commander SK;SKC 3400220;450,80;EUR
Commander SK;SKC 3400300;494,50;EUR
Commander SK;SKC 3400400;546,25;EUR
Commander SK;SKD 3400550;640,55;EUR
Commander SK;SKD 3400750;741,75;EUR
Commander SK;SK 2401;954,50;EUR
Commander SK;SK 2402;1 182,20;EUR
Commander SK;SK 2403;1 354,70;EUR
Commander SK;SK 2404;1 486,95;EUR
Commander SK;SK 3401;1 716,95;EUR
Commander SK;SK 3402;1 845,75;EUR
Commander SK;SK 3403;2 350,60;EUR
Commander SK;SK 4401;3 122,25;EUR
Commander SK;SK 4402;3 506,35;EUR
Commander SK;SK 4403;4 497,65;EUR
Commander SK;SK 5401;5 953,55;EUR
Commander SK;SK 5402;7 024,20;EUR
Commander SK;SK 6401;8 269,65;EUR
Commander SK;SK 6402;9 094,20;EUR
Dławik sieciowy;DS - 21/30;230;PLN
Dławik sieciowy;DS - 23-40/0,47;720;PLN
Dławik sieciowy;DS - 23-60/0,47;790;PLN
Dławik sieciowy;DS - 23-80/0,35;890;PLN
Dławik sieciowy;DS - 23-120/0,12;990;PLN
Dławik sieciowy;DS - 23-200/0,05;1 620;PLN
Dławik sieciowy;DS - 23-250/0,05;1 920;PLN
Dławik sieciowy;DS - 23-400/0,03;1 920;PLN
Dławik sieciowy;DS - 23-500/0,025;2 480;PLN
Dławik sieciowy;DS - 23-600/0,025;2 980;PLN
Dławik sieciowy;DS - 23-825/0,020;3 500;PLN
Dławik sieciowy;DS - 23-1200/0,015;4 500;PLN
Dławik sieciowy;DS - 23-1800/0,01;6 500;PLN
Dławik wyjściowy;DW - 22-25/15;860;PLN
DML;0015/EJ 331;1 640;PLN
DML;0025/EJ 331;1 740;PLN
DML;0030/BN 333;2 640;PLN
DML;0040/MJ 505;4 340;PLN
DML;0040/MN 505;4 440;PLN
DML;0060/MJ 505;4 840;PLN
DML;0060/MN 505;5 240;PLN
DML;0075/MJ 505;5 440;PLN
DML;0075/MN 505;5 840;PLN
DML;0130/MJ 505;6 040;PLN
DML;0130/MN 505;6 540;PLN
DML;0200/MJ 505;7 940;PLN
DML;0200/MN 505;8 940;PLN
DML;0285/MJ 505;9 040;PLN
DML;0285/MN 505;9 940;PLN
DML;0420/MJ 505;10 240;PLN
DML;0420/MN 505;11 040;PLN
DML;0600/MJ 505;13 540;PLN
DML;0600/MN 505;18 040;PLN
Filtry CNW;CNW 102/6;38;EUR
Filtry CNW;CNW 102/10;39;EUR
Filtry CNW;CNW 102/16;44;EUR
Filtry CNW;CNW 102/20;63;EUR
Filtry CNW;CNW 114/280;1 200;EUR
Filtry CNW;CNW 204/7;126;EUR
Filtry CNW;CNW 204/16;156;EUR
Filtry CNW;CNW 204/30;206;EUR
Filtry CNW;CNW 204/42;245;EUR
Filtry CNW;CNW 204/55;282;EUR
Filtry CNW;CNW 204/75;413;EUR
Filtry CNW;CNW 204/100;428;EUR
Filtry CNW;CNW 204/130;491;EUR
Filtry CNW;CNW 204/180;615;EUR
Filtry CNW;CNW 811/6;45;EUR
Filtry CNW;CNW 811/10;45;EUR
Filtry CNW;CNW 811/16;58;EUR
Filtry CNW;CNW 811/25;75;EUR
Filtry CNW;CNW 811/36;77;EUR
Filtry CNW;CNW 811/64;134;EUR
Filtry CNW;CNW 811/85;158;EUR
Filtry CNW;CNW 811/100;195;EUR
Filtry CNW;CNW 811 C 150/0,6;280;EUR
Filtry CNW;CNW 811 C 200/0,5;280;EUR
Filtry CNW;CNW 811 C 250/0,5;400;EUR
Filtry CNW;CNW 933/4;182;EUR
Filtry CNW;CNW 933/6;238;EUR
Filtry CNW;CNW 933/8;238;EUR
Filtry CNW;CNW 933/10;267;EUR
Filtry CNW;CNW 933/12;298;EUR
Filtry CNW;CNW 933/16;362;EUR
Filtry CNW;CNW 933/24;478;EUR
Filtry CNW;CNW 933/30;632;EUR
Filtry CNW;CNW 933/37;779;EUR
Filtry CNW;CNW 933/48;842;EUR
Filtry CNW;CNW 933/60;1 034;EUR
Filtry CNW;CNW 933/75;1 352;EUR
Filtry CNW;CNW 933/90;1 525;EUR
Filtry CNW;CNW 933/115;2 242;EUR
Filtry CNW;CNW 933/200;1 977;EUR
Filtry CNW;CNW 933/250;2 188;EUR
Filtry RFI A-C;RFI 007S21;52;EUR
Filtry RFI A-C;RFI 011S21;82;EUR
Filtry RFI A-C;RFI 002S53;61;EUR
Filtry RFI A-C;RFI 006BS53;68;EUR
Filtry RFI A-C;RFI 007M21;52;EUR
Filtry RFI A-C;RFI 007B21;52;EUR
Filtry RFI A-C;RFI 011B21;82;EUR
Filtry RFI A-C;RFI 008BF53;77;EUR
Filtry RFI A-C;RFI 024FB53;120;EUR
Filtry RFI A-C;RFI 032B53;124;EUR
Filtry RFI A-C;RFI 045BF53;170;EUR
Filtry RFI A-C;RFI 060BF53;182;EUR
Filtry RFI A-C;RFI 090BF53;199;EUR
Filtry RFI A-C;RFI 110BF53;332;EUR
Filtry RFI A-C;RFI 150BF53;447;EUR
Filtry RFI A-C;RFI 220F53;641;EUR
Filtry RFI CT;4200-6000;66;EUR
Filtry RFI CT;4200-6002;76;EUR
Filtry RFI CT;4200-6101;39;EUR
Filtry RFI CT;4200-6102;72;EUR
Filtry RFI CT;4200-6103;72;EUR
Filtry RFI CT;4200-6106;480;EUR
Filtry RFI CT;4200-6116;271;EUR
Filtry RFI CT;4200-6117;340;EUR
Filtry RFI CT;4200-6118;72;EUR
Filtry RFI CT;4200-6119;77;EUR
Filtry RFI CT;4200-6122;28;EUR
Filtry RFI CT;4200-6123;30;EUR
Filtry RFI CT;4200-6124;114;EUR
Filtry RFI CT;4200-6125;108;EUR
Filtry RFI CT;4200-6201;105;EUR
Filtry RFI CT;4200-6202;120;EUR
Filtry RFI CT;4200-6204;72;EUR
Filtry RFI CT;4200-6205;111;EUR
Filtry RFI CT;4200-6207;120;EUR
Filtry RFI CT;4200-6210;97;EUR
Filtry RFI CT;4200-6212;33;EUR
Filtry RFI CT;4200-6213;34;EUR
Filtry RFI CT;4200-6214;37;EUR
Filtry RFI CT;4200-6215;46;EUR
Filtry RFI CT;4200-6217;50;EUR
Filtry RFI CT;4200-6218;201;EUR
Filtry RFI CT;4200-6301;166;EUR
Filtry RFI CT;4200-6304;72;EUR
Filtry RFI CT;4200-6305;175;EUR
Filtry RFI CT;4200-6307;193;EUR
Filtry RFI CT;4200-6309;150;EUR
Filtry RFI CT;4200-6310;39;EUR
Filtry RFI CT;4200-6311;40;EUR
Filtry RFI CT;4200-6312;43;EUR
Filtry RFI CT;4200-6318;393;EUR
Filtry RFI CT;4200-6401;231;EUR
Filtry RFI CT;4200-6402;124;EUR
Filtry RFI CT;4200-6403;276;EUR
Filtry RFI CT;4200-6404;156;EUR
Filtry RFI CT;4200-6406;237;EUR
Filtry RFI CT;4200-6408;249;EUR
Filtry RFI CT;4200-6409;71;EUR
Filtry RFI CT;4200-6410;72;EUR
Filtry RFI CT;4200-6411;68;EUR
Filtry RFI CT;4200-6412;66;EUR
Filtry RFI CT;4200-6503;410;EUR
Filtry RFI CT;4200-6504;298;EUR
Filtry RFI CT;4200-6603;591;EUR
Filtry RFI CT;4200-6604;478;EUR
FILTRY DEM UK;KMF 306;71;EUR
FILTRY DEM UK;KMF 306A;72;EUR
FILTRY DEM UK;KMF 310;74;EUR
FILTRY DEM UK;KMF 310A;74;EUR
FILTRY DEM UK;KMF 318;96;EUR
FILTRY DEM UK;KMF 318A;94;EUR
FILTRY DEM UK;KMF 325A;105;EUR
FILTRY DEM UK;KMF 336A;120;EUR
FILTRY DEM UK;KMF 350;118;EUR
FILTRY DEM UK;KMF 350A;160;EUR
FILTRY DEM UK;KMF 370;157;EUR
FILTRY DEM UK;KMF 370A;185;EUR
FILTRY DEM UK;KMF 3100A;190;EUR
FILTRY DEM UK;KMF 3150A;310;EUR
FILTRY DEM UK;MIF 3150;482;EUR
FILTRY DEM UK;MIF 3180;487;EUR
FILTRY DEM UK;MIF 3400B;847;EUR
FILTRY DEM UK;MIF 3800;1 558;EUR
FILTRY DEM UK;TOR 254;31;EUR
Maestro;Mini Maestro DCD 60*7/14;243;EUR
Maestro;Mini Maestro DCD 60*10/20;259;EUR
Maestro;Mini Maestro DCD 60*14/28;309;EUR
Maestro;Midi Maestro DCD 140*8/16;576;EUR
Maestro;Midi Maestro DCD 140*14/28;636;EUR
Maestro;Maxi Maestro DCD 200*25/50;999;EUR
;Card holder do układu - MINI MAESTRO;67;EUR
Matador;DCM 2B 30/03-A2;327;EUR
Matador;DCM 2C 30/03-A2;358;EUR
Matador;DCM 3A 35/06-A2;358;EUR
Matador;DCM 3B 35/06-A2;390;EUR
Matador;DCM 3C 30/06-A2;404;EUR
Matador;DCM 3D 30/06-A2;426;EUR
Matador;DCM 3D 40/12-A2;426;EUR
Matador;DCM 3F 30/06-A2;449;EUR
Matador;DCM 3F 30/14-A2;449;EUR
Matador;DCM 6B 35/14-A2;570;EUR
Matador;DCM 6C 20/14-A2;637;EUR
Matador;DCM 6C 30/14-A2;637;EUR
Matador;DCM 6D 30/14-A2;676;EUR
Matador;DCM 6F 20/14-A2;790;EUR
Matador;DCM 6F 30/14-A2;790;EUR
Matador;DCM 9B 30/20-A2;1 066;EUR
Matador;DCM 9B 20/20-A2;1 066;EUR
Matador;DCM 9C 30/20-A2;1 220;EUR
Matador;DCM 9C 15/20-A2;1 220;EUR
Mentor II;M 25;1 408;EUR
Mentor II;M 45;nie dost.;EUR
Mentor II;M 75;1 666;EUR
Mentor II;M 105;2 127;EUR
Mentor II;M 155;2 127;EUR
Mentor II;M 210;nie dost.;EUR
Mentor II;M 350;nie dost.;EUR
Mentor II;M 420;nie dost.;EUR
Mentor II;M 550;nie dost.;EUR
Mentor II;M 700;nie dost.;EUR
Mentor II;M 825;nie dost.;EUR
Mentor II;M 900;nie dost.;EUR
Mentor II;M 1200;nie dost.;EUR
Mentor II;M 1850;nie dost.;EUR
Mentor II;M 25 R;1 715;EUR
Mentor II;M 45 R;nie dost.;EUR
Mentor II;M 75 R;2 031;EUR
Mentor II;M 105 R;nie dost.;EUR
Mentor II;M 155 R;2 916;EUR
Mentor II;M 210 R;nie dost.;EUR
Mentor II;M 350 R;4 591;EUR
Mentor II;M 420 R;nie dost.;EUR
Mentor II;M 550 R;nie dost.;EUR
Mentor II;M 700 R;nie dost.;EUR
Mentor II;M 825 R;nie dost.;EUR
Mentor II;M 900 R;nie dost.;EUR
Mentor II;M 1200 R;nie dost.;EUR
Mentor II;M 1850 R;nie dost.;EUR
Panele HMI;CTIU050;313;EUR
Panele HMI;CTIU050-002;389;EUR
Panele HMI;CTIU100;406;EUR
Panele HMI;CTIU110;590;EUR
Panele HMI;CTIU200;1 210;EUR
Panele HMI;CTNet do CTIU200;173;EUR
Panele HMI;TIU310;1 021;EUR
Panele HMI;TIU420;2 347;EUR
Panele HMI;TIU520;2 628;EUR
Panele HMI;TIU620;2 711;EUR
Panele HMI;TP02G-AS1;133;EUR
Panele HMI;TP04G-AS2;155;EUR
Panele HMI;TP05G-BT2;nie dost.;EUR
Panele HMI;TP08G-BT2;230;EUR
Panele HMI;DOP-A57GSTD;nie dost.;EUR
Panele HMI;DOP-A57BSTD;nie dost.;EUR
Panele HMI;DOP-AE57GSTD;nie dost.;EUR
Panele HMI;DOP-A57CSTD;nie dost.;EUR
Panele HMI;DOP-AE57CSTD;nie dost.;EUR
Panele HMI;DOP-A80THTD1;nie dost.;EUR
Panele HMI;DOP-AE80THTD;nie dost.;EUR
Podstawa bezp.;RBK-00;135;PLN
Podstawa bezp.;RBK-1;322;PLN
Podstawa bezp.;RBK-2 PRO;425;PLN
Podstawa bezp.;RBK-3 PRO;577;PLN
PSN-M;PSN – 20M5/230;1 240;PLN
PSN-M;PSN – 100M5/230;1 240;PLN
PSN-M;PSN – 250M5/230;1 240;PLN
PSN-M;PSN - 400M5/230;1 540;PLN
UNIDRIVE SP;UNI SP 0401;707;EUR
UNIDRIVE SP;UNI SP 0402;745;EUR
UNIDRIVE SP;UNI SP 0403;783;EUR
UNIDRIVE SP;UNI SP 0404;824;EUR
UNIDRIVE SP;UNI SP 0405;865;EUR
UNIDRIVE SP;UNI SP 1401;1 045,35;EUR
UNIDRIVE SP;UNI SP 1402;1 075,25;EUR
UNIDRIVE SP;UNI SP 1403;1 101,70;EUR
UNIDRIVE SP;UNI SP 1404;1 224,75;EUR
UNIDRIVE SP;UNI SP 1405;1 299,50;EUR
UNIDRIVE SP;UNI SP 1406;1 373,10;EUR
UNIDRIVE SP;UNI SP 2401;1 668,65;EUR
UNIDRIVE SP;UNI SP 2402;1 746,85;EUR
UNIDRIVE SP;UNI SP 2403;2 056,20;EUR
UNIDRIVE SP;UNI SP 2404;2 512,75;EUR
UNIDRIVE SP;UNI SP 3401;2 735,85;EUR
UNIDRIVE SP;UNI SP 3402;2 999,20;EUR
UNIDRIVE SP;UNI SP 3403;3 262,55;EUR
UNIDRIVE SP;UNI SP 4401;4 396,45;EUR
UNIDRIVE SP;UNI SP 4402;5 219,85;EUR
UNIDRIVE SP;UNI SP 4403;6 015,65;EUR
UNIDRIVE SP;UNI SP 5401;7 136,90;EUR
UNIDRIVE SP;UNI SP 5402;8 234,00;EUR
UNIDRIVE SP;UNI SP 6401;9 066,60;EUR
UNIDRIVE SP;UNI SP 6402;10 023,40;EUR
UNIDRIVE SP 240V;UNI SP 0201;707;EUR
UNIDRIVE SP 240V;UNI SP 0202;745;EUR
UNIDRIVE SP 240V;UNI SP 0203;783;EUR
UNIDRIVE SP 240V;UNI SP 0204;824;EUR
UNIDRIVE SP 240V;UNI SP 0205;865;EUR
UNIDRIVE SP 240V;UNI SP 1201;1 045,35;EUR
UNIDRIVE SP 240V;UNI SP 1202;1 075,25;EUR
UNIDRIVE SP 240V;UNI SP 1203;1 101,70;EUR
UNIDRIVE SP 240V;UNI SP 1204;1 224,75;EUR
UNIDRIVE SP 240V;UNI SP 2201;1 299,50;EUR
UNIDRIVE SP 240V;UNI SP 2202;1 373,10;EUR
UNIDRIVE SP 240V;UNI SP 2203;1 668,65;EUR
UNIDRIVE SP 240V;UNI SP 3201;2 375,90;EUR
UNIDRIVE SP 240V;UNI SP 3202;2 748,50;EUR
UNIDRIVE SP 240V;UNI SP 4201;3 444,25;EUR
UNIDRIVE SP 240V;UNI SP 4202;3 533,95;EUR
UNIDRIVE SP 240V;UNI SP 4203;3 620,20;EUR
UNIDRIVE SP 575 V;UNI SP 3501;2 271,25;EUR
UNIDRIVE SP 575 V;UNI SP 3502;2 321,85;EUR
UNIDRIVE SP 575 V;UNI SP 3503;2 403,50;EUR
UNIDRIVE SP 575 V;UNI SP 3504;2 508,15;EUR
UNIDRIVE SP 575 V;UNI SP 3505;2 638,10;EUR
UNIDRIVE SP 575 V;UNI SP 3506;2 769,20;EUR
UNIDRIVE SP 575 V;UNI SP 3507;3 410,90;EUR
UNIDRIVE SP 575 V/690 V;UNI SP 4601;4 259,60;EUR
UNIDRIVE SP 575 V/690 V;UNI SP 4602;4 527,55;EUR
UNIDRIVE SP 575 V/690 V;UNI SP 4603;4 790,90;EUR
UNIDRIVE SP 575 V/690 V;UNI SP 4604;5 055,40;EUR
UNIDRIVE SP 575 V/690 V;UNI SP 4605;5 999,55;EUR
UNIDRIVE SP 575 V/690 V;UNI SP 4606;6 913,80;EUR
UNIDRIVE SP 575 V/690 V;UNI SP 5601;8 207,55;EUR
UNIDRIVE SP 575 V/690 V;UNI SP 5602;9 072,35;EUR
UNIDRIVE SP 575 V/690 V;UNI SP 6601;10 883,60;EUR
UNIDRIVE SP 575 V/690 V;UNI SP 6602;11 859,95;EUR
Unimotor FM;55U2A(BAMPA)BEZ HAMULCA;475;EUR
Unimotor FM;55U2B(BAMPA)BEZ HAMULCA;505;EUR
Unimotor FM;55U2C(BAMPA)BEZ HAMULCA;618;EUR
Unimotor FM;55U2A(BAMPA)Z HAMULCEM;674;EUR
Unimotor FM;55U2B(BAMPA)Z HAMULCEM;704;EUR
Unimotor FM;55U2C(BAMPA)Z HAMULCEM;816;EUR
Unimotor FM;55U2A(BAARA)BEZ HAMULCA;416;EUR
Unimotor FM;55U2B(BAARA)BEZ HAMULCA;446;EUR
Unimotor FM;55U2C(BAARA)BEZ HAMULCA;559;EUR
Unimotor FM;55U2A(BAARA)Z HAMULCEM;614;EUR
Unimotor FM;55U2B(BAARA)Z HAMULCEM;644;EUR
Unimotor FM;55U2C(BAARA)Z HAMULCEM;760;EUR
Rezystory hamowania;BR080W200;27;EUR
Rezystory hamowania;BR300W100;44;EUR
Rezystory hamowania;BR080W750;27;EUR
Rezystory hamowania;BR300W400;43;EUR
Rezystory hamowania;BR300W250;43;EUR
Rezystory hamowania;BR400W150;50;EUR
Rezystory hamowania;BR500W100;50;EUR
Rezystory hamowania;BR1K0W075;101;EUR
Rezystory hamowania;BR1K0W050;95;EUR
Rezystory hamowania;BR1K5W040;127;EUR
Rezystory hamowania;BR1K2W008;106;EUR
Rezystory hamowania;BR1K2W6P8;106;EUR
Rezystory hamowania;BR1K5W005;106;EUR
Cewki do DZEM-ów;Cewka do DZEM 0;300;PLN
Cewki do DZEM-ów;Cewka do DZEM 10(na karkasie);500;PLN
Cewki do DZEM-ów;Cewka do DZEM 10(bez karkasu);358;PLN
Cewki do DZEM-ów;Cewka do DZEM 20;470;PLN
Cewki do DZEM-ów;Cewka do DZEM 30;999;PLN
Cewki do DZEM-ów;Cewka do DZEM 40;1 152;PLN
Cewki do DZEM-ów;EMZO 30/AS/4/8;6 500;PLN
Cewki do DZEM-ów;EMZO 30/AS/pozostałe;;PLN
Cewki do DZEM-ów;Blok cewek EMZO 30/AS/4/8;1 650;PLN
Cewki do DZEM-ów;Blok cewek EMZO 30/AS/poz.;1 750;PLN
Digitax ST;DST 1201B;644;EUR
Digitax ST;DST 1202B;713;EUR
Digitax ST;DST 1203B;750;EUR
Digitax ST;DST 1204B;787;EUR
Digitax ST;DST 1201I;752;EUR
Digitax ST;DST 1202I;822;EUR
Digitax ST;DST 1203I;858;EUR
Digitax ST;DST 1204I;891;EUR
Digitax ST;DST 1201P;851;EUR
Digitax ST;DST 1202P;922;EUR
Digitax ST;DST 1203P;957;EUR
Digitax ST;DST 1204P;996;EUR
Digitax ST;DST 1201Z;969;EUR
Digitax ST;DST 1202Z;1 038;EUR
Digitax ST;DST 1203Z;1 074;EUR
Digitax ST;DST 1204Z;1 112;EUR
Digitax ST;DST 1401B;678;EUR
Digitax ST;DST 1402B;750;EUR
Digitax ST;DST 1403B;787;EUR
Digitax ST;DST 1404B;826;EUR
Digitax ST;DST 1405B;866;EUR
Digitax ST;DST 1401I;785;EUR
Digitax ST;DST 1402I;858;EUR
Digitax ST;DST 1403I;897;EUR
Digitax ST;DST 1404I;934;EUR
Digitax ST;DST 1405I;977;EUR
Digitax ST;DST 1401P;884;EUR
Digitax ST;DST 1402P;957;EUR
Digitax ST;DST 1403P;996;EUR
Digitax ST;DST 1404P;1 035;EUR
Digitax ST;DST 1405P;1 075;EUR
Digitax ST;DST 1401Z;1 003;EUR
Digitax ST;DST 1402Z;1 074;EUR
Digitax ST;DST 1403Z;1 112;EUR
Digitax ST;DST 1404Z;1 152;EUR
Digitax ST;DST 1405Z;1 193;EUR
Akcesoria Control Techniques;Panel sterujący DST;42,55;EUR
Affinity;BA 1401;902;EUR
Affinity;BA 1402;946;EUR
Affinity;BA 1403;988;EUR
Affinity;BA 1404;1 083;EUR
Affinity;BA 1405;1 159;EUR
Affinity;BA 1406;1 220;EUR
Affinity;BA 2401;1 270;EUR
Affinity;BA 2402;1 276;EUR
Affinity;BA 2403;1 487;EUR
Affinity;BA 2404;nie dost.   ;EUR
Affinity;BA 3401;1 922;EUR
Affinity;BA 3402;2 039;EUR
Affinity;BA 3403;2 161;EUR
Affinity;BA 4401;3 170;EUR
Affinity;BA 4402;3 360;EUR
Affinity;BA 4403 ;3 561;EUR
Affinity;BA 5401;5 646;EUR
Affinity;BA 5402;5 986;EUR
Affinity;BA 6401;7 915;EUR
Affinity;BA 6402;8 354;EUR
Affinity;BA 1401_E12;1 101;EUR
Affinity;BA 1402_E12;1 146;EUR
Affinity;BA 1403_E12;1 189;EUR
Affinity;BA 1404_E12;1 283;EUR
Affinity;BA 1405_E12;1 357;EUR
Affinity;BA 1406_E12;1 421;EUR
Affinity;BA 2401_E12;1 537;EUR
Affinity;BA 2402_E12;1 543;EUR
Affinity;BA 2403_E12;1 754;EUR
Affinity;BA 2404_E12;n/a;EUR
Affinity;BA 3401_E12;2 327;EUR
Affinity;BA 3402_E12;2 444;EUR
Affinity;BA 3403_E12;2 566;EUR
Affinity;BA 4401_E12;3 841;EUR
Affinity;BA 4402_E12;4 032;EUR
Affinity;BA 4403 _E12;4 234;EUR
Affinity;BA 5401_E12;6 808;EUR
Affinity;BA 5402_E12;7 147;EUR
Affinity;BA 6401_E12;9 546;EUR
Affinity;BA 6402_E12;9 983;EUR
Filtry CNW;CNW 854/8;94;EUR
Filtry CNW;CNW 854/10;128;EUR
Filtry CNW;CNW 854/12;154;EUR
Filtry CNW;CNW 854/16;162;EUR
Filtry CNW;CNW 854/24;237;EUR
Filtry CNW;CNW 854/30;242;EUR
Filtry CNW;CNW 854/37;270;EUR
Filtry CNW;CNW 854/48;334;EUR
Filtry CNW;CNW 854/60;362;EUR
Filtry CNW;CNW 854/75;392;EUR
Filtry CNW;CNW 854/90;421;EUR
Filtry CNW;CNW 854/115;635;EUR
Filtry CNW;CNW 854/150;658;EUR
Filtry CNW;CNW 854/200;674;EUR
Filtry CNW;CNW 854/250;760;EUR
Filtry CNW;CNW 854/300;997;EUR
Filtry CNW;CNW 854/350;1 080;EUR
Filtry CNW;CNW 854/400;1 152;EUR
Filtry CNW;CNW 854/500;1 325;EUR
Filtry CNW;CNW 854/600;1 395;EUR
Filtry CNW;CNW 854/700;1 542;EUR
Filtry CNW;CNW 854/800;1 802;EUR
Filtry CNW;CNW 854/900;2 038;EUR
Filtry CNW;CNW 854/1000;2 125;EUR
Filtry CNW;CNW 854/1200;2 190;EUR
Akcesoria Apator;PZTK 78-14A;1 540;PLN
Akcesoria Control Techniques;BUSCOUPLER BK 7200;356,50;EUR
Akcesoria Control Techniques;MODUŁ 1408;79,35;EUR
Akcesoria Control Techniques;MODUŁ 2408;85,10;EUR
Akcesoria Control Techniques;BUS TERMINAL;27,60;EUR
AMD-E OPCJE;EME-D33A;16;EUR
AMD-E OPCJE;EME-R2CA;17;EUR
AMD-E OPCJE;EME-R3AA;18;EUR
AMD-E OPCJE;EME-A22A;28;EUR
AMD-E OPCJE;EME-PG01;22;EUR
AMD-E OPCJE;CME-DN01;87;EUR
AMD-E OPCJE;CME-LW01;125;EUR
AMD-E OPCJE;CME-PB01;150;EUR
AMD-E OPCJE;CME-USB01;34;EUR
AMD-E OPCJE;MKE-EP;4;EUR
Panele HMI;DOP-A10TCTD;nie dost.   ;EUR
Panele HMI;DOP-AE10THTD;nie dost.   ;EUR
Panele HMI;DVPACAB530;20;EUR
Panele HMI;DVPACAB230;22;EUR
Panele HMI;TP-PCC01;61;EUR
Mentor MP;MP25A4;1 353;EUR
Mentor MP;MP45A4;1 505;EUR
Mentor MP;MP75A4;1 612;EUR
Mentor MP;MP105A4;2 073;EUR
Mentor MP;MP155A4;2 073;EUR
Mentor MP;MP210A4;2 364;EUR
Mentor MP;MP350A4;2 736;EUR
Mentor MP;MP420A4;3 170;EUR
Mentor MP;MP550A4;3 732;EUR
Mentor MP;MP700A4;4 686;EUR
Mentor MP;MP825A4;5 520;EUR
Mentor MP;MP900A4;7 216;EUR
Mentor MP;MP1200A4;8 485;EUR
Mentor MP;MP1850A4;10 043;EUR
Mentor MP;MP25A4R;1 662;EUR
Mentor MP;MP45A4R;1 784;EUR
Mentor MP;MP75A4R;1 977;EUR
Mentor MP;MP105A4R;2 862;EUR
Mentor MP;MP155A4R;2 862;EUR
Mentor MP;MP210A4R;3 123;EUR
Mentor MP;MP350A4R;3 449;EUR
Mentor MP;MP420A4R;4 014;EUR
Mentor MP;MP550A4R;4 566;EUR
Mentor MP;MP700A4R;5 546;EUR
Mentor MP;MP825A4R;7 336;EUR
Mentor MP;MP900A4R;9 812;EUR
Mentor MP;MP1200A4R;12 358;EUR
Mentor MP;MP1850A4R;14 829;EUR
Mentor MP;MP25A5;1 472;EUR
Mentor MP;MP45A5;1 507;EUR
Mentor MP;MP75A5;1 752;EUR
Mentor MP;MP105A5;2 252;EUR
Mentor MP;MP15554;2 252;EUR
Mentor MP;MP210A5;2 570;EUR
Mentor MP;MP350A5;3 317;EUR
Mentor MP;MP470A5;4 656;EUR
Mentor MP;MP700A5;6 340;EUR
Mentor MP;MP825A5;7 795;EUR
Mentor MP;MP1200A5;9 268;EUR
Mentor MP;MP1850A5;11 487;EUR
Mentor MP;MP25A5R;1 810;EUR
Mentor MP;MP45A5R;1 939;EUR
Mentor MP;MP75A5R;2 148;EUR
Mentor MP;MP105A5R;3 110;EUR
Mentor MP;MP155A5R;3 110;EUR
Mentor MP;MP210A5R;3 393;EUR
Mentor MP;MP350A5R;4 050;EUR
Mentor MP;MP470A5R;6 153;EUR
Mentor MP;MP700A5R;8 425;EUR
Mentor MP;MP825A5R;10 695;EUR
Mentor MP;MP1200A5R;12 799;EUR
Mentor MP;MP1850A5R;18 438;EUR
Mentor MP;MP350A6;3 687;EUR
Mentor MP;MP470A6;5 135;EUR
Mentor MP;MP700A6;6 859;EUR
Mentor MP;MP825A6;7 646;EUR
Mentor MP;MP1200A6;9 889;EUR
Mentor MP;MP1850A6;12 556;EUR
Mentor MP;MP350A6R;4 389;EUR
Mentor MP;MP470A6R;6 491;EUR
Mentor MP;MP700A6R;8 931;EUR
Mentor MP;MP825A6R;11 372;EUR
Mentor MP;MP1200A6R;13 472;EUR
Mentor MP;MP1850A6R;19 785;EUR
Mentor MP Options;FXMP25;606;EUR
Mentor MP Options;MP-Keypad;182;EUR
Dynabox;EXPERT 35;511;EUR
Dynabox;EXPERT 45;592;EUR
Dynabox;EXPERT 55;718;EUR
Dynabox;EXPERT 63;798;EUR
Dynabox;EXPERT 75;937;EUR
Dynabox;EXPERT 90;1 090;EUR
Dynabox;EXPERT 110;1 366;EUR
Dynabox;MEDIUM 35;384;EUR
Dynabox;MEDIUM 45;444;EUR
Dynabox;MEDIUM 55;540;EUR
Dynabox;MEDIUM 63;600;EUR
Dynabox;MEDIUM 75;706;EUR
Dynabox;MEDIUM 90;821;EUR
Dynabox;MEDIUM 110;1 028;EUR
Dynabox;BASIC 35;286;EUR
Dynabox;BASIC 45;331;EUR
Dynabox;BASIC 55;360;EUR
Dynabox;BASIC 63;449;EUR
Dynabox;BASIC 75;470;EUR
Dynabox;BASIC 90;614;EUR
Dynabox;BASIC 110;772;EUR
Dynabox;EXPERT 35 KRYZA;546;EUR
Dynabox;EXPERT 45 KRYZA;628;EUR
Dynabox;EXPERT 55 KRYZA;758;EUR
Dynabox;EXPERT 63 KRYZA;847;EUR
Dynabox;EXPERT 75 KRYZA;991;EUR
Dynabox;EXPERT 90 KRYZA;1 148;EUR
Dynabox;EXPERT 110 KRYZA;1 435;EUR
Dynabox;MEDIUM 35 KRYZA;416;EUR
Dynabox;MEDIUM 45 KRYZA;480;EUR
Dynabox;MEDIUM 55 KRYZA;578;EUR
Dynabox;MEDIUM 63 KRYZA;646;EUR
Dynabox;MEDIUM 75 KRYZA;757;EUR
Dynabox;MEDIUM 90 KRYZA;876;EUR
Dynabox;MEDIUM 110 KRYZA;1 096;EUR
Dynabox;BASIC 25 KRYZA;192;EUR
Dynabox;BASIC 35 KRYZA;318;EUR
Dynabox;BASIC 45 KRYZA;366;EUR
Dynabox;BASIC 55 KRYZA;397;EUR
Dynabox;BASIC 63 KRYZA;492;EUR
Dynabox;BASIC 75 KRYZA;518;EUR
Dynabox;BASIC 90 KRYZA;667;EUR
Dynabox;BASIC 110 KRYZA;835;EUR
Dynabox;EXPERT 35 KRYZA+SPRZĘGŁO;619;EUR
Dynabox;EXPERT 45 KRYZA+SPRZĘGŁO;725;EUR
Dynabox;EXPERT 55 KRYZA+SPRZĘGŁO;854;EUR
Dynabox;EXPERT 63 KRYZA+SPRZĘGŁO;961;EUR
Dynabox;EXPERT 75 KRYZA+SPRZEGŁO;1 126;EUR
Dynabox;EXPERT 90 KRYZA+SPRZĘGŁO;1 283;EUR
Dynabox;EXPERT 110 KRYZA+SPRZĘGŁO;1 619;EUR
Dynabox;MEDIUM 35 KRYZA+SPRZĘGŁO;486;EUR
Dynabox;MEDIUM 45 KRYZA+SPRZĘGŁO;571;EUR
Dynabox;MEDIUM 55 KRYZA+SPRZĘGŁO;671;EUR
Dynabox;MEDIUM 63 KRYZA+SPRZĘGŁO;755;EUR
Dynabox;MEDIUM 75 KRYZA+SPRZĘGŁO;886;EUR
Dynabox;MEDIUM 90 KRYZA+SPRZĘGŁO;1 006;EUR
Dynabox;MEDIUM 110 KRYZA+SPRZĘGŁO;1 271;EUR
Dynabox;BASIC 25 KRYZA+SPRZĘGŁO;257;EUR
Dynabox;BASIC 35 KRYZA+SPRZĘGŁO;384;EUR
Dynabox;BASIC 45 KRYZA+SPRZĘGŁO;452;EUR
Dynabox;BASIC 55 KRYZA+SPRZĘGŁO;484;EUR
Dynabox;BASIC 63 KRYZA+SPRZĘGŁO;596;EUR
Dynabox;BASIC 75 KRYZA+SPRZĘGŁO;642;EUR
Dynabox;BASIC 90 KRYZA+SPRZĘGŁO;791;EUR
Dynabox;BASIC 110 KRYZA+SPRZĘGŁO;1 002;EUR
Dynabox;Sprzęgło zaciskowe 35;42;EUR
Dynabox;Sprzęgło zaciskowe 45;44;EUR
Dynabox;Sprzęgło zaciskowe 55;46;EUR
Dynabox;Sprzęgło zaciskowe 63;49;EUR
Dynabox;Sprzęgło zaciskowe 75;49;EUR
Dynabox;Sprzęgło zaciskowe 90;66;EUR
Dynabox;Sprzęgło zaciskowe 110;76;EUR
Dynabox;Wał wyjściowy dwustronny 35;10;EUR
Dynabox;Wał wyjściowy dwustronny 45;16;EUR
Dynabox;Wał wyjściowy dwustronny 55;18;EUR
Dynabox;Wał wyjściowy dwustronny 63;19;EUR
Dynabox;Wał wyjściowy dwustronny 75;20;EUR
Dynabox;Wał wyjściowy dwustronny 90;35;EUR
Dynabox;Wał wyjściowy dwustronny 110;50;EUR
Dynabox;Kołnierz obrotowy 45;103;EUR
Dynabox;Kołnierz obrotowy 55;115;EUR
Dynabox;Kołnierz obrotowy 63;128;EUR
Dynabox;Kołnierz obrotowy 75;156;EUR
Dynabox;Kołnierz obrotowy 90;196;EUR
Dynabox;Kołnierz obrotowy 110;251;EUR
Digistart ;CS 14018_(D2-14-018);439;EUR
Digistart ;CS 14042_(D2-14-042);478;EUR
Digistart ;CS 14060_(D2-14-060);577;EUR
Digistart ;CS 24085_(D2-14-085);736;EUR
Digistart ;CS 24100_(D2-14-100);848;EUR
Digistart ;CS 34140_(D2-14-140);887;EUR
Digistart ;CS 34170_(D2-14-170);1 191;EUR
Digistart ;CS 34200_(D2-14-200);1 277;EUR
Digistart ;IS 140023B_(D3-14-0023-B);617;EUR
Digistart ;IS 140043B_(D3-14-0043-B);676;EUR
Digistart ;IS 140053B_(D3-14-0053-B);703;EUR
Digistart ;IS 140076B_(D3-14-0076-B);788;EUR
Digistart ;IS 140097B_(D3-14-0097-B);868;EUR
Digistart ;IS 140105B_(D3-14-0105-B);1 019;EUR
Digistart ;IS 240145B_(D3-14-0145-B);1 145;EUR
Digistart ;IS 240170B_(D3-14-0170-B);1 356;EUR
Digistart ;IS 240200B_(D3-14-0200-B);1 455;EUR
Digistart ;IS 240220B_(D3-14-0220-B);1 495;EUR
Digistart ;IS 340255N_(D3-14-0255-N);1 673;EUR
Digistart ;IS 440360N_(D3-14-0360-N);1 976;EUR
Digistart ;IS 440430N_(D3-14-0430-N);2 603;EUR
Digistart ;IS  440650N_(D3-14-0650-N);3 349;EUR
Digistart ;IS 440790N_(D3-14-0790-N);4 148;EUR
Digistart ;IS 440930N_(D3-14-0930-N);5 191;EUR
Digistart ;IS 440350B_(D3-14-0350-B);2 300;EUR
Digistart ;IS 440425B_(D3-14-0425-B);3 006;EUR
Digistart ;IS 440500B_(D3-14-0500-B);3 501;EUR
Digistart ;IS 440700B_(D3-14-0700-B);3 884;EUR
Digistart ;IS 440820B_(D3-14-0820-B);4 999;EUR
Digistart ;IS 440920B_(D3-14-0920-B);6 280;EUR
Digistart ;IS 4401000B_(D3-14-1000-B);7 666;EUR
Digistart ;CS 15018_(D2-16-018);503;EUR
Digistart ;CS 15042_(D2-16-042);549;EUR
Digistart ;CS 15060_(D2-16-060);661;EUR
Digistart ;CS 25085_(D2-16-085);844;EUR
Digistart ;CS 25100_(D2-16-100);975;EUR
Digistart ;CS 35140_(D2-16-140);1 019;EUR
Digistart ;CS 35170_(D2-16-170);1 369;EUR
Digistart ;CS 35200_(D2-16-200);1 468;EUR
Digistart ;IS 160023B_(D3-16-0023-B);709;EUR
Digistart ;IS 160043B_(D3-16-0043-B);777;EUR
Digistart ;IS 160053B_(D3-16-0053-B);808;EUR
Digistart ;IS 160076B_(D3-16-0076-B);904;EUR
Digistart ;IS 160097B_(D3-16-0097-B);996;EUR
Digistart ;IS 160105B_(D3-16-0105-B);1 171;EUR
Digistart ;IS 260145B_(D3-16-0145-B);1 316;EUR
Digistart ;IS 260170B_(D3-16-0170-B);1 559;EUR
Digistart ;IS 260200B_(D3-16-0200-B);1 671;EUR
Digistart ;IS 260220B_(D3-16-0220-B);1 717;EUR
Digistart ;IS 360255N_(D3-16-0255-N);1 922;EUR
Digistart ;IS 460360N_(D3-16-0360-N);2 272;EUR
Digistart ;IS 460430N_(D3-16-0430-N);2 993;EUR
Digistart opcje;Digistart - DeviceNet (D3 DeviceNet);208;EUR
Digistart opcje;Digistart - Profibus (D3 Profibus);252;EUR
Digistart opcje;Digistart - USB Interface (D3-USB);154;EUR
Digistart opcje;Digistart-Modbus (D3 Modbus);154;EUR
Digistart opcje;Digi IS - I/O Extension (D3 IO);122;EUR
Digistart opcje;Digi IS - RTD&GND fault card (D3 Motor Protection);160;EUR
Digistart opcje;Digi IS - Volt measure card;n/a;EUR
Digistart opcje;Digi IS - Keypad mount kit (D3 Keypad Kit);45;EUR
Digistart opcje;Digi IS - Fingerguard (D3 Keypad);162;EUR
Digistart opcje;Digi CS - Fingerguard;;EUR
Digistart opcje;Digi CS - Remote keypad (D2 Keypad Remote);343;EUR
Digistart opcje;Digi CS - Pump Apps module (D2 Pump Apllication);307;EUR
Zabezpieczenia CS/IS;3*(170M-1314+170H1007);319;PLN
Zabezpieczenia CS/IS;3*(170M-1318+170H1007);328;PLN
Zabezpieczenia CS/IS;3*(170M-1319+170H1007);332;PLN
Zabezpieczenia CS/IS;3*(170M-1321+170H1007);370;PLN
Zabezpieczenia CS/IS;3*(170M-1322+170H1007);399;PLN
Zabezpieczenia CS/IS;3*(170M-1316+170H1007);323;PLN
Zabezpieczenia CS/IS;3*(170M-2621+170H1007);433;PLN
Zabezpieczenia CS/IS;3*(170M-6010+170H3003);1 298;PLN
Zabezpieczenia CS/IS;3*(170M-6011+170H3004);1 966;PLN
Zabezpieczenia CS/IS;3*(170M-6015+170H3004);2 129;PLN
Zabezpieczenia CS/IS;3*(170M-6017+170H3004);2 281;PLN
Zabezpieczenia CS/IS;3*(170M-6019+170H3004);2 428;PLN
Zabezpieczenia CS/IS;3*(170M-6021+170H3004);2 612;PLN
Panele HMI;DOP-AS35THTD;252;EUR
Panele HMI;DOP-B05S101;335;EUR
Panele HMI;DOP-B07S201;426;EUR
Panele HMI;DOP-B07S211;426;EUR
Panele HMI;DOP-B07S415;426;EUR
Panele HMI;DOP-B07E415;482;EUR
Panele HMI;DOP-B07E515;459;EUR
Panele HMI;DOP-B08S515;557;EUR
Panele HMI;DOP-B08E515;635;EUR
Panele HMI;DOP-B10S615;556;EUR
Panele HMI;DOP-B10E615;668;EUR
AMD-C 2000;0011/RN53A;557;EUR
AMD-C 2000;0017/RN53A;621;EUR
AMD-C 2000;0023/RN53A;722;EUR
AMD-C 2000;0030/RN53A;898;EUR
AMD-C 2000;0036/RN53A;1 110;EUR
AMD-C 2000;0043/RN53A;1 253;EUR
AMD-C 2000;0057/RN53A;1 566;EUR
AMD-C 2000;0069/RN53A;1 695;EUR
AMD-C 2000;0086/RN53A;1 981;EUR
AMD-C 2000;0105/RN53A;2 295;EUR
AMD-C 2000;0143/RN53A;3 140;EUR
AMD-C 2000;0171/RN53A;4 294;EUR
AMD-C 2000;0209/RN53A;4 830;EUR
AMD-C 2000;0247/RN53A;6 057;EUR
AMD-C 2000;0295/RN53A;6 957;EUR
AMD-C 2000;0352/RN53A;9 460;EUR
AMD-C 2000;0437/RN53A;9 984;EUR
AMD-C 2000;0523/RN53A;13 509;EUR
AMD-C 2000;0585/RN53A;14 177;EUR
AMD-C 2000;0649/RN53A;16 510;EUR
Digistart ;IS  460650N_(D3-16-0650-N);3 849;EUR
Digistart ;IS 460790N_(D3-16-0790-N);4 758;EUR
Digistart ;IS 460930N_(D3-16-0930-N);5 968;EUR
Digistart ;IS 561200N_(D3-16-1200-N);7 732;EUR
Digistart ;IS 561410N_(D3-16-1410-N);10 537;EUR
Digistart ;IS 561600N_(D3-16-1600-N);12 508;EUR
Digistart ;IS 460350B_(D3-16-0350-B);2 704;EUR
Digistart ;IS 460425B_(D3-16-0425-B);3 534;EUR
Digistart ;IS 460500B_(D3-16-0500-B);4 116;EUR
Digistart ;IS 460700B_(D3-16-0700-B);4 567;EUR
Digistart ;IS 460820B_(D3-16-0820-B);5 880;EUR
Digistart ;IS 460920B_(D3-16-0920-B);7 387;EUR
Digistart ;IS 4601000B_(D3-16-1000-B);9 017;EUR
AMD-CP 2000;0003/RN53A;298;EUR
AMD-CP 2000;0004/RN53A;325;EUR
AMD-CP 2000;0005/RN53A;344;EUR
AMD-CP 2000;0010/RN53A;423;EUR
AMD-CP 2000;0012/RN53A;427;EUR
AMD-CP 2000;0014/RN53A;470;EUR
AMD-CP 2000;0022/RN53A;557;EUR
AMD-CP 2000;0030/RN53A;647;EUR
AMD-CP 2000;0036/RN53A;836;EUR
AMD-CP 2000;0045/RN53A;923;EUR
AMD-CP 2000;0056/RN53A;1 080;EUR
AMD-CP 2000;0072/RN53A;1 490;EUR
AMD-CP 2000;0091/RN53A;1 884;EUR
AMD-CP 2000;0110/RN53A;2 232;EUR
AMD-CP 2000;0144/RN53A;2 676;EUR
AMD-CP 2000;0180/RN53A;3 221;EUR
AMD-CP 2000;0220/RN53A;3 971;EUR
AMD-CP 2000;0246/RN53A;4 962;EUR
AMD-CP 2000;0310/RN53A;5 811;EUR
AMD-CP 2000;0343/RN53A;6 905;EUR
AMD-CP 2000;0460/RN53A;8 813;EUR
AMD-CP 2000;0530/RN53A;10 952;EUR
AMD-CP 2000;0616/RN53A;13 948;EUR
AMD-CP 2000;0683/RN53A;15 134;EUR
AMD-CP 2000;0770/RN53A;16 916;EUR
Digistart opcje;D2 IP20;106;EUR
Digistart opcje;D23 IP20;79;EUR
Opcje VFD-C i VFD CP;CMC-EIP01;63;EUR
Opcje VFD-C i VFD CP;CMC-MOD01;54;EUR
Opcje VFD-C i VFD CP;CMC-DN01;81;EUR
Opcje VFD-C i VFD CP;CMC-PD01;149;EUR
Opcje VFD-C i VFD CP;750-960;33;EUR
Opcje VFD-C i VFD CP;EMC-COP01;32;EUR
Opcje VFD-C i VFD CP;CBC-K3FT;5;EUR
Opcje VFD-C i VFD CP;CBC-K5FT;6;EUR
Opcje VFD-C i VFD CP;CBC-K7FT;8;EUR
Opcje VFD-C i VFD CP;CBC-K10FT;10;EUR
Opcje VFD-C i VFD CP;CBC-K16FT;14;EUR
Opcje VFD-C i VFD CP;EMC-D42A;17;EUR
Opcje VFD-C i VFD CP;EMC-D611A;17;EUR
Opcje VFD-C i VFD CP;EMC-R6AA;27;EUR
Opcje VFD-C i VFD CP;EMC-BPS01;67;EUR
Opcje VFD-C i VFD CP;EMC-PG01L;75;EUR
Opcje VFD-C i VFD CP;EMC-PG01O;57;EUR
Opcje VFD-C i VFD CP;EMC-PG01U;81;EUR
Opcje VFD-C i VFD CP;EMC-PG01R;78;EUR
Opcje VFD-C i VFD CP;MKC-AFKM;14;EUR
Opcje VFD-C i VFD CP;MKC-AFM;31;EUR
Opcje VFD-C i VFD CP;MKC-AFM1;36;EUR
Opcje VFD-C i VFD CP;MKC-BFKB;13;EUR
Opcje VFD-C i VFD CP;MKC-BFKM1;17;EUR
Opcje VFD-C i VFD CP;MKC-BFKM2;26;EUR
Opcje VFD-C i VFD CP;MKC-BFM;34;EUR
Opcje VFD-C i VFD CP;MKC-CFKB1;14;EUR
Opcje VFD-C i VFD CP;MKC-CFKB2;17;EUR
Opcje VFD-C i VFD CP;MKC-CFM;39;EUR
Opcje VFD-C i VFD CP;MKC-DFKB;28;EUR
Opcje VFD-C i VFD CP;MKC-DFKM;85;EUR
Opcje VFD-C i VFD CP;MKC-DN1CB;79;EUR
Opcje VFD-C i VFD CP;MKC-EFKB;58;EUR
Opcje VFD-C i VFD CP;MKC-EFKM1;116;EUR
Opcje VFD-C i VFD CP;MKC-EFKM2;148;EUR
Opcje VFD-C i VFD CP;MKC-EN1CB;91;EUR
Opcje VFD-C i VFD CP;MKC-KPPK;15;EUR
Opcje VFD-C i VFD CP;MKC-FFKB;61;EUR
Opcje VFD-C i VFD CP;MKC-FFKM;209;EUR
Opcje VFD-C i VFD CP;MKC-FN1CB;132;EUR
Opcje VFD-C i VFD CP;MKC-GFKM;439;EUR
Opcje VFD-C i VFD CP;MKC-GN1CB;250;EUR
Opcje VFD-C i VFD CP;MKC-HFKM;389;EUR
Opcje VFD-C i VFD CP;KPC-CC01;51;EUR
Opcje VFD-C i VFD CP;KPC-CE01;49;EUR
AMD-E;AMD-E-0032/RN 53;725;EUR
AMD-E;AMD-E-0038/RN 53;831;EUR
AMD-E;AMD-E-0045/RN 53;944;EUR
Akcesoria Control Techniques;UL Type 1 Kit - Size A;39,10;EUR
Akcesoria Control Techniques;UL Type 1 Kit - Size B;44,85;EUR
Akcesoria Control Techniques;UL Type 1 Kit - Size C;48,30;EUR
Akcesoria Control Techniques;UL Type 1 Kit - Size D;31,05;EUR
Akcesoria Control Techniques;SK - Bracket;19,55;EUR
Digistart ;IS 340255B_D3-14-0255-B;1 887;EUR
Digistart ;IS 360255B_D3-16-0255-B;2 168;EUR
Digistart opcje;D3 MOTOR PROTECTION - Karta rozszerzeń Digistart D3 - DE;113;EUR
"KABLE DO SILNIKÓW SERWO AC 3m
";SIBAAA Kabel sygnałowy;80;EUR
"KABLE DO SILNIKÓW SERWO AC 3m
";SRBABB Kabel sygnałowy;70;EUR
"KABLE DO SILNIKÓW SERWO AC 3m
";SSBAHC Kabel sygnałowy;80;EUR
"KABLE DO SILNIKÓW SERWO AC 3m
";SSBAHN Kabel sygnałowy;80;EUR
"KABLE DO SILNIKÓW SERWO AC 3m
";PSBGFA Kabel silnoprądowy bez hamulca;64;EUR
"KABLE DO SILNIKÓW SERWO AC 3m
";PSBAFA Kabel silnoprądowy bez hamulca;68;EUR
"KABLE DO SILNIKÓW SERWO AC 3m
";PSBAFB Kabel silnoprądowy bez hamulca;110;EUR
"KABLE DO SILNIKÓW SERWO AC 3m
";PSBGHA Kabel silnoprądowy bez hamulca;64;EUR
"KABLE DO SILNIKÓW SERWO AC 3m
";PSBAHA Kabel silnoprądowy bez hamulca;68;EUR
"KABLE DO SILNIKÓW SERWO AC 3m
";PSBAAA Kabel silnoprądowy bez hamulca;68;EUR
"KABLE DO SILNIKÓW SERWO AC 3m
";PBBGFA Kabel silnoprądowy z hamulcem;74;EUR
"KABLE DO SILNIKÓW SERWO AC 3m
";PBBAFA Kabel silnoprądowy z hamulcem;78;EUR
"KABLE DO SILNIKÓW SERWO AC 3m
";PBBAFB Kabel silnoprądowy z hamulcem;120;EUR
"KABLE DO SILNIKÓW SERWO AC 3m
";PBBGHA Kabel silnoprądowy z hamulcem;74;EUR
"KABLE DO SILNIKÓW SERWO AC 3m
";PBBAHA Kabel silnoprądowy z hamulcem;78;EUR
"KABLE DO SILNIKÓW SERWO AC dodatkowy m
";SIBAAA Kabel sygnałowy;8;EUR
"KABLE DO SILNIKÓW SERWO AC dodatkowy m
";SRBABB Kabel sygnałowy;5;EUR
"KABLE DO SILNIKÓW SERWO AC dodatkowy m
";SSBAHC Kabel sygnałowy;5;EUR
"KABLE DO SILNIKÓW SERWO AC dodatkowy m
";SSBAHN Kabel sygnałowy;5;EUR
"KABLE DO SILNIKÓW SERWO AC dodatkowy m
";PSBGFA Kabel silnoprądowy bez hamulca;6;EUR
"KABLE DO SILNIKÓW SERWO AC dodatkowy m
";PSBAFA Kabel silnoprądowy bez hamulca;7;EUR
"KABLE DO SILNIKÓW SERWO AC dodatkowy m
";PSBAFB Kabel silnoprądowy bez hamulca;7;EUR
"KABLE DO SILNIKÓW SERWO AC dodatkowy m
";PSBGHA Kabel silnoprądowy bez hamulca;6;EUR
"KABLE DO SILNIKÓW SERWO AC dodatkowy m
";PSBAHA Kabel silnoprądowy bez hamulca;7;EUR
"KABLE DO SILNIKÓW SERWO AC dodatkowy m
";PSBAAA Kabel silnoprądowy bez hamulca;7;EUR
"KABLE DO SILNIKÓW SERWO AC dodatkowy m
";PBBGFA Kabel silnoprądowy z hamulcem;8;EUR
"KABLE DO SILNIKÓW SERWO AC dodatkowy m
";PBBAFA Kabel silnoprądowy z hamulcem;10;EUR
"KABLE DO SILNIKÓW SERWO AC dodatkowy m
";PBBAFB Kabel silnoprądowy z hamulcem;10;EUR
"KABLE DO SILNIKÓW SERWO AC dodatkowy m
";PBBGHA Kabel silnoprądowy z hamulcem;8;EUR
"KABLE DO SILNIKÓW SERWO AC dodatkowy m
";PBBAHA Kabel silnoprądowy z hamulcem;10;EUR
Akcesoria Apator;Filtr przepięciowy 500V;800;PLN
Akcesoria Apator;Filtr przepięciowy 550V;890;PLN
Akcesoria Apator;Filtr przepięciowy 690V;1 350;PLN
Unidrive M 100;M100-012-00017;128;EUR
Unidrive M 100;M100-012-00024;133;EUR
Unidrive M 100;M100-012-00033;137;EUR
Unidrive M 100;M100-012-00042;146;EUR
Unidrive M 100;M100-022-00024;142;EUR
Unidrive M 100;M100-022-00033;150;EUR
Unidrive M 100;M100-022-00042;160;EUR
Unidrive M 100;M100-022-00056;175;EUR
Unidrive M 100;M100-022-00075;211;EUR
Unidrive M 100;M100-032-00100;231;EUR
Unidrive M 100;M100-042-00133;285;EUR
Unidrive M 100;M100-042-00176;320;EUR
Unidrive M 100;M100-024-00013;189;EUR
Unidrive M 100;M100-024-00018;198;EUR
Unidrive M 100;M100-024-00023;214;EUR
Unidrive M 100;M100-024-00032;231;EUR
Unidrive M 100;M100-024-00041;250;EUR
Unidrive M 100;M100-034-00056;285;EUR
Unidrive M 100;M100-034-00073;303;EUR
Unidrive M 100;M100-034-00094;336;EUR
Unidrive M 100;M100-044-00135;353;EUR
Unidrive M 100;M100-044-00170;420;EUR
Unidrive M 200;M200-012-00017;135;EUR
Unidrive M 200;M200-012-00024;140;EUR
Unidrive M 200;M200-012-00033;146;EUR
Unidrive M 200;M200-012-00042;155;EUR
Unidrive M 200;M200-022-00024;153;EUR
Unidrive M 200;M200-022-00033;168;EUR
Unidrive M 200;M200-022-00042;175;EUR
Unidrive M 200;M200-022-00056;198;EUR
Unidrive M 200;M200-022-00075;224;EUR
Unidrive M 200;M200-032-00100;242;EUR
Unidrive M 200;M200-042-00133;331;EUR
Unidrive M 200;M200-042-00176;371;EUR
Unidrive M 200;M200-052-00250;709;EUR
Unidrive M 200;M200-062-00330;1 163;EUR
Unidrive M 200;M200-062-00440;1 407;EUR
Unidrive M 200;M200-024-00013;250;EUR
Unidrive M 200;M200-024-00018;254;EUR
Unidrive M 200;M200-024-00023;257;EUR
Unidrive M 200;M200-024-00032;275;EUR
Unidrive M 200;M200-024-00041;293;EUR
Unidrive M 200;M200-034-00056;353;EUR
Unidrive M 200;M200-034-00073;386;EUR
Unidrive M 200;M200-034-00094;429;EUR
Unidrive M 200;M200-044-00135;500;EUR
Unidrive M 200;M200-044-00170;580;EUR
Unidrive M 200;M200-054-00270;980;EUR
Unidrive M 200;M200-054-00300;1 146;EUR
Unidrive M 200;M200-064-00350;1 343;EUR
Unidrive M 200;M200-064-00420;1 442;EUR
Unidrive M 200;M200-064-00470;1 836;EUR
Unidrive M 200;M200-055-00030;907;EUR
Unidrive M 200;M200-055-00040;930;EUR
Unidrive M 200;M200-055-00069;962;EUR
Unidrive M 200;M200-065-00100;1 074;EUR
Unidrive M 200;M200-065-00150;1 189;EUR
Unidrive M 200;M200-065-00190;1 222;EUR
Unidrive M 200;M200-065-00230;1 663;EUR
Unidrive M 200;M200-065-00290;1 912;EUR
Unidrive M 200;M200-065-00350;2 008;EUR
Unidrive M 701;M701-032-00050A10;744;EUR
Unidrive M 701;M701-032-00066A10;790;EUR
Unidrive M 701;M701-032-00080A10;836;EUR
Unidrive M 701;M701-032-00106A10;948;EUR
Unidrive M 701;M701-042-00137A10;1 014;EUR
Unidrive M 701;M701-042-00185A10;1 049;EUR
Unidrive M 701;M701-052-00250A10;1 303;EUR
Unidrive M 701;M701-062-00330A10;1 825;EUR
Unidrive M 701;M701-062-00440A10;2 042;EUR
Unidrive M 701;M701-072-00610A10;2 494;EUR
Unidrive M 701;M701-072-00750A10;2 671;EUR
Unidrive M 701;M701-072-00830A10;2 828;EUR
Unidrive M 701;M701-082-01160A10;4 194;EUR
Unidrive M 701;M701-082-01320A10;5 123;EUR
Unidrive M 701;M701-092-01760A10;6 374;EUR
Unidrive M 701;M701-092-02190A10;7 179;EUR
Unidrive M 701;M701-092-01760E10100AB (z choperem);6 745;EUR
Unidrive M 701;M701-092-02190E10100AB (z choperem);7 454;EUR
Unidrive M 701;M701-102-02830E10100AB (z choperem);7 992;EUR
Unidrive M 701;M701-102-03000E10100AB (z choperem);8 585;EUR
Unidrive M 701;M701-092-01760E10100AN (bez chopera);6 362;EUR
Unidrive M 701;M701-092-02190E10100AN (bez chopera);7 009;EUR
Unidrive M 701;M701-102-02830E10100AN (bez chopera);7 499;EUR
Unidrive M 701;M701-102-03000E10100AN(bez chopera);8 037;EUR
Unidrive M 701;M701-034-00025A10;818;EUR
Unidrive M 701;M701-034-00031A10;841;EUR
Unidrive M 701;M701-034-00045A10;861;EUR
Unidrive M 701;M701-034-00062A10;957;EUR
Unidrive M 701;M701-034-00078A10;1 016;EUR
Unidrive M 701;M701-034-00100A10;1 072;EUR
Unidrive M 701;M701-044-00150A10;1 303;EUR
Unidrive M 701;M701-044-00172A10;1 366;EUR
Unidrive M 701;M701-054-00270A10;1 607;EUR
Unidrive M 701;M701-054-00300A10;1 963;EUR
Unidrive M 701;M701-064-00350A10;2 138;EUR
Unidrive M 701;M701-064-00420A10;2 343;EUR
Unidrive M 701;M701-064-00470A10;2 551;EUR
Unidrive M 701;M701-074-00660A10;3 186;EUR
Unidrive M 701;M701-074-00770A10;3 790;EUR
Unidrive M 701;M701-074-01000A10;4 357;EUR
Unidrive M 701;M701-084-01340A10;5 184;EUR
Unidrive M 701;M701-084-01570A10;5 961;EUR
Unidrive M 701;M701-094-02000A10;6 567;EUR
Unidrive M 701;M701-094-02240A10;7 781;EUR
Unidrive M 701;M701-094-02000E10100AB (z choperem);6 796;EUR
Unidrive M 701;M701-094-02240E10100AB (z choperem);7 611;EUR
Unidrive M 701;M701-104-02700E10100AB (z choperem);7 992;EUR
Unidrive M 701;M701-104-03200E10100AB (z choperem);8 585;EUR
Unidrive M 701;M701-094-02000E10100AN (bez chopera);6 408;EUR
Unidrive M 701;M701-094-02240E10100AN (bez chopera);7 152;EUR
Unidrive M 701;M701-104-02700E10100AN (bez chopera);7 499;EUR
Unidrive M 701;M701-104-03200E10100AN (bez chopera);8 037;EUR
Unidrive M 701;M701-055-00030A10;1 443;EUR
Unidrive M 701;M701-055-00040A10;1 452;EUR
Unidrive M 701;M701-055-00069A10;1 475;EUR
Unidrive M 701;M701-065-00100A10;1 697;EUR
Unidrive M 701;M701-065-00150A10;1 862;EUR
Unidrive M 701;M701-065-00190A10;2 029;EUR
Unidrive M 701;M701-065-00230A10;2 631;EUR
Unidrive M 701;M701-065-00290A10;2 790;EUR
Unidrive M 701;M701-065-00350A10;3 313;EUR
Unidrive M 701;M701-075-00440A10;4 219;EUR
Unidrive M 701;M701-075-00550A10;4 829;EUR
Unidrive M 701;M701-085-00630A10;5 326;EUR
Unidrive M 701;M701-085-00860A10;6 179;EUR
Unidrive M 701;M701-095-01040A10;6 685;EUR
Unidrive M 701;M701-095-01310A10;7 360;EUR
Unidrive M 701;M701-095-01040E10100AB (z choperem);7 065;EUR
Unidrive M 701;M701-095-01310E10100AB (z choperem);7 327;EUR
Unidrive M 701;M701-105-01520E10100AB  (z choperem);7 413;EUR
Unidrive M 701;M701-105-01900E10100AB  (z choperem);7 963;EUR
Unidrive M 701;M701-095-01040E10100AN (bez chopera);6 656;EUR
Unidrive M 701;M701-095-01310E10100AN (bez chopera);6 892;EUR
Unidrive M 701;M701-105-01520E10100AN (bez chopera);6 971;EUR
Unidrive M 701;M701-105-01900E10100AN (bez chopera);7 472;EUR
Unidrive M 701;M701-076-00190A10;3 130;EUR
Unidrive M 701;M701-076-00240A10;3 453;EUR
Unidrive M 701;M701-076-00290A10;3 532;EUR
Unidrive M 701;M701-076-00380A10;3 892;EUR
Unidrive M 701;M701-076-00440A10;4 262;EUR
Unidrive M 701;M701-076-00540A10;4 898;EUR
Unidrive M 701;M701-086-00630A10;5 326;EUR
Unidrive M 701;M701-086-00860A10;6 179;EUR
Unidrive M 701;M701-096-01040A10;6 685;EUR
Unidrive M 701;M701-096-01310A10;7 360;EUR
Unidrive M 701;M701-096-01040E10100AB  (z choperem);7 065;EUR
Unidrive M 701;M701-096-01310E10100AB  (z choperem);7 327;EUR
Unidrive M 701;M701-106-01500E10100AB  (z choperem);7 413;EUR
Unidrive M 701;M701-106-01780E10100AB  (z choperem);7 963;EUR
Unidrive M 701;M701-096-01040E10100AN (bez chopera);6 656;EUR
Unidrive M 701;M701-096-01310E10100AN (bez chopera);6 892;EUR
Unidrive M 701;M701-106-01500E10100AN (bez chopera);6 971;EUR
Unidrive M 701;M701-106-01780E10100AN (bez chopera);7 472;EUR
Unidrive M Opcje;KI-Keypad;54;EUR
Unidrive M Opcje;KI-Keypad RTC;59;EUR
Unidrive M Opcje;Remote Keypad;64;EUR
Unidrive M Opcje;CI-Keypad;54;EUR
Unidrive M Opcje;MCi200                    ;158;EUR
Unidrive M Opcje;MCi210                    ;374;EUR
Unidrive M Opcje;SI-Applications Plus;234;EUR
Unidrive M Opcje;SI-CANopen;122;EUR
Unidrive M Opcje;SI-DeviceNet;122;EUR
Unidrive M Opcje;SI-EtherCAT;211;EUR
Unidrive M Opcje;SI-Ethernet;211;EUR
Unidrive M Opcje;SI-PROFIBUS;161;EUR
Unidrive M Opcje;SI-Profinet RT;231;EUR
Unidrive M Opcje;SI-Encoder;75;EUR
Unidrive M Opcje; SI-Universal Encoder;199;EUR
Unidrive M Opcje;SI-I/O;127;EUR
Unidrive M Opcje;AI-485 Adaptor;13;EUR
Unidrive M Opcje;AI-Backup Adaptor;18;EUR
Unidrive M Opcje;CI-485 Adaptor;23;EUR
Unidrive M Opcje;KI-485 Adaptor;31;EUR
Unidrive M Opcje;SD-Smartcard Adaptor;11;EUR
Filtry RFI ;4200-3230;52;EUR
Filtry RFI ;4200-0272;62;EUR
Filtry RFI ;4200-0312;74;EUR
Filtry RFI ;4200-2300;113;EUR
Filtry RFI ;4200-1072;160;EUR
Filtry RFI ;4200-1672;305;EUR
Filtry RFI ;4200-3021;342;EUR
Filtry RFI ;4200-4460;642;EUR
Filtry RFI ;4200-3480;49;EUR
Filtry RFI ;4200-0252;57;EUR
Filtry RFI ;4200-0402;74;EUR
Filtry RFI ;4200-4800;113;EUR
Filtry RFI ;4200-1132;160;EUR
Filtry RFI ;4200-1972;305;EUR
Filtry RFI ;4200-3021;342;EUR
Filtry RFI ;4200-4460;642;EUR
Filtry RFI ;4200-10122;62;EUR
Filtry RFI ;4200-3690;97;EUR
Filtry RFI ;4200-0672;196;EUR
Filtry RFI ;4200-1662;457;EUR
Filtry RFI ;4200-1660;342;EUR
Filtry RFI ;4200-2210;642;EUR
Filtry RFI ;4200-1000;29;EUR
Filtry RFI ;4200-2001;37;EUR
Filtry RFI ;4200-3000;42;EUR
Filtry RFI ;4200-4000;59;EUR
Filtry RFI ;4200-2005;46;EUR
Filtry RFI ;4200-3008;46;EUR
Filtry RFI ;4200-4004;67;EUR
Filtry RFI ;4200-0402;74;EUR
Filtry RFI ;4200-4800;113;EUR
Filtry RFI ;4200-0122;62;EUR
Filtry RFI ;4200-3690;97;EUR
Filtry RFI ;4200-2001;37;EUR
Filtry RFI ;4200-3000;42;EUR
Filtry RFI ;4200-4000;59;EUR
Filtry RFI ;4200-2005;46;EUR
Filtry RFI ;4200-3008;46;EUR
Filtry RFI ;4200-4004;67;EUR
Unidrive M 300;M300-012-00017;148;EUR
Unidrive M 300;M300-012-00024;153;EUR
Unidrive M 300;M300-012-00033;161;EUR
Unidrive M 300;M300-012-00042;170;EUR
Unidrive M 300;M300-022-00024;168;EUR
Unidrive M 300;M300-022-00033;183;EUR
Unidrive M 300;M300-022-00042;193;EUR
Unidrive M 300;M300-022-00056;217;EUR
Unidrive M 300;M300-022-00075;245;EUR
Unidrive M 300;M300-032-00100;265;EUR
Unidrive M 300;M300-042-00133;364;EUR
Unidrive M 300;M300-042-00176;407;EUR
Unidrive M 300;M300-052-00250;770;EUR
Unidrive M 300;M300-062-00330;1 237;EUR
Unidrive M 300;M300-062-00440;1 485;EUR
Unidrive M 300;M300-024-00013;274;EUR
Unidrive M 300;M300-024-00018;278;EUR
Unidrive M 300;M300-024-00023;282;EUR
Unidrive M 300;M300-024-00032;303;EUR
Unidrive M 300;M300-024-00041;321;EUR
Unidrive M 300;M300-034-00056;387;EUR
Unidrive M 300;M300-034-00073;422;EUR
Unidrive M 300;M300-034-00094;470;EUR
Unidrive M 300;M300-044-00135;544;EUR
Unidrive M 300;M300-044-00170;625;EUR
Unidrive M 300;M300-054-00270;1 044;EUR
Unidrive M 300;M300-054-00300;1 212;EUR
Unidrive M 300;M300-064-00350;1 409;EUR
Unidrive M 300;M300-064-00420;1 501;EUR
Unidrive M 300;M300-064-00470;1 894;EUR
Unidrive M 300;M300-055-00030;988;EUR
Unidrive M 300;M300-055-00040;1 006;EUR
Unidrive M 300;M300-055-00069;1 023;EUR
Unidrive M 300;M300-065-00100;1 148;EUR
Unidrive M 300;M300-065-00150;1 255;EUR
Unidrive M 300;M300-065-00190;1 282;EUR
Unidrive M 300;M300-065-00230;1 729;EUR
Unidrive M 300;M300-065-00290;1 978;EUR
Unidrive M 300;M300-065-00350;2 067;EUR
Unidrive M 400;M400-012-00017;179;EUR
Unidrive M 400;M400-012-00024;199;EUR
Unidrive M 400;M400-012-00033;201;EUR
Unidrive M 400;M400-012-00042;234;EUR
Unidrive M 400;M400-022-00024;216;EUR
Unidrive M 400;M400-022-00033;227;EUR
Unidrive M 400;M400-022-00042;259;EUR
Unidrive M 400;M400-022-00056;272;EUR
Unidrive M 400;M400-022-00075;311;EUR
Unidrive M 400;M400-032-00100;331;EUR
Unidrive M 400;M400-042-00133;437;EUR
Unidrive M 400;M400-042-00176;500;EUR
Unidrive M 400;M400-052-00250;868;EUR
Unidrive M 400;M400-062-00330;1 356;EUR
Unidrive M 400;M400-062-00440;1 610;EUR
Unidrive M 400;M400-072-00610;1 966;EUR
Unidrive M 400;M400-072-00750;2 326;EUR
Unidrive M 400;M400-072-00830;2 376;EUR
Unidrive M 400;M400-082-01160;3 242;EUR
Unidrive M 400;M400-082-01320;3 971;EUR
Unidrive M 400;M400-092-01760;4 940;EUR
Unidrive M 400;M400-092-02190;6 293;EUR
Unidrive M 400;M400-024-00013;333;EUR
Unidrive M 400;M400-024-00018;335;EUR
Unidrive M 400;M400-024-00023;356;EUR
Unidrive M 400;M400-024-00032;381;EUR
Unidrive M 400;M400-024-00041;437;EUR
Unidrive M 400;M400-034-00056;519;EUR
Unidrive M 400;M400-034-00073;539;EUR
Unidrive M 400;M400-034-00094;623;EUR
Unidrive M 400;M400-044-00135;674;EUR
Unidrive M 400;M400-044-00170;767;EUR
Unidrive M 400;M400-054-00270;1 168;EUR
Unidrive M 400;M400-054-00300;1 346;EUR
Unidrive M 400;M400-064-00350;1 567;EUR
Unidrive M 400;M400-064-00420;1 679;EUR
Unidrive M 400;M400-064-00470;2 008;EUR
Unidrive M 400;M400-074-00660;2 326;EUR
Unidrive M 400;M400-074-00770;2 570;EUR
Unidrive M 400;M400-074-01000;3 286;EUR
Unidrive M 400;M400-084-01340;4 347;EUR
Unidrive M 400;M400-084-01570;5 116;EUR
Unidrive M 400;M400-094-02000;5 747;EUR
Unidrive M 400;M400-094-02240;6 553;EUR
Unidrive M 400;M400-055-00030;1 108;EUR
Unidrive M 400;M400-055-00040;1 132;EUR
Unidrive M 400;M400-055-00069;1 161;EUR
Unidrive M 400;M400-065-00100;1 262;EUR
Unidrive M 400;M400-065-00150;1 358;EUR
Unidrive M 400;M400-065-00190;1 402;EUR
Unidrive M 400;M400-065-00230;1 825;EUR
Unidrive M 400;M400-065-00290;2 201;EUR
Unidrive M 400;M400-065-00350;2 287;EUR
Unidrive M 400;M400-075-00440;2 996;EUR
Unidrive M 400;M400-075-00550;3 461;EUR
Unidrive M 400;M400-085-00630;4 395;EUR
Unidrive M 400;M400-085-00860;5 143;EUR
Unidrive M 400;M400-095-01040;5 935;EUR
Unidrive M 400;M400-095-01310;6 877;EUR
Unidrive M 400;M400-076-00190;2 133;EUR
Unidrive M 400;M400-076-00240;2 267;EUR
Unidrive M 400;M400-076-00290;2 564;EUR
Unidrive M 400;M400-076-00380;2 689;EUR
Unidrive M 400;M400-076-00440;3 060;EUR
Unidrive M 400;M400-076-00540;3 512;EUR
Unidrive M 400;M400-086-00630;4 397;EUR
Unidrive M 400;M400-086-00860;5 143;EUR
Unidrive M 400;M400-096-01040;5 935;EUR
Unidrive M 400;M400-096-01310;6 877;EUR
Unidrive M 600;M600-032-00050A10;620;EUR
Unidrive M 600;M600-032-00066A10;658;EUR
Unidrive M 600;M600-032-00080A10;698;EUR
Unidrive M 600;M600-032-00106A10;792;EUR
Unidrive M 600;M600-042-00137A10;846;EUR
Unidrive M 600;M600-042-00185A10;874;EUR
Unidrive M 600;M600-052-00250A10;1 117;EUR
Unidrive M 600;M600-062-00330A10;1 590;EUR
Unidrive M 600;M600-062-00440A10;1 874;EUR
Unidrive M 600;M600-072-00610A10;2 320;EUR
Unidrive M 600;M600-072-00750A10;2 518;EUR
Unidrive M 600;M600-072-00830A10;2 694;EUR
Unidrive M 600;M600-082-01160A10;4 027;EUR
Unidrive M 600;M600-082-01320A10;4 948;EUR
Unidrive M 600;M600-092-01760A10;6 157;EUR
Unidrive M 600;M600-092-02190A10;6 936;EUR
Unidrive M 600;M600-092-01760E10100AB (z choperem);6 304;EUR
Unidrive M 600;M600-092-02190E10100AB (z choperem);7 034;EUR
Unidrive M 600;M600-102-02830E10100AB (z choperem);7 611;EUR
Unidrive M 600;M600-102-03000E10100AB (z choperem);8 255;EUR
Unidrive M 600;M600-092-01760E10100AN (bez chopera);5 946;EUR
Unidrive M 600;M600-092-02190E10100AN (bez chopera);6 613;EUR
Unidrive M 600;M600-102-02830E10100AN (bez chopera);7 141;EUR
Unidrive M 600;M600-102-03000E10100AN (bez chopera);7 730;EUR
Unidrive M 600;M600-034-00025A10;681;EUR
Unidrive M 600;M600-034-00031A10;703;EUR
Unidrive M 600;M600-034-00045A10;719;EUR
Unidrive M 600;M600-034-00062A10;798;EUR
Unidrive M 600;M600-034-00078A10;848;EUR
Unidrive M 600;M600-034-00100A10;892;EUR
Unidrive M 600;M600-044-00150A10;1 097;EUR
Unidrive M 600;M600-044-00172A10;1 160;EUR
Unidrive M 600;M600-054-00270A10;1 374;EUR
Unidrive M 600;M600-054-00300A10;1 693;EUR
Unidrive M 600;M600-064-00350A10;1 859;EUR
Unidrive M 600;M600-064-00420A10;2 056;EUR
Unidrive M 600;M600-064-00470A10;2 257;EUR
Unidrive M 600;M600-074-00660A10;2 846;EUR
Unidrive M 600;M600-074-00770A10;3 415;EUR
Unidrive M 600;M600-074-01000A10;3 961;EUR
Unidrive M 600;M600-084-01340A10;4 757;EUR
Unidrive M 600;M600-084-01570A10;5 521;EUR
Unidrive M 600;M600-094-02000A10;6 138;EUR
Unidrive M 600;M600-094-02240A10;7 340;EUR
Unidrive M 600;M600-094-02000E10100AB (z choperem);6 352;EUR
Unidrive M 600;M600-094-02240E10100AB (z choperem);7 180;EUR
Unidrive M 600;M600-104-02700E10100AB (z choperem);7 611;EUR
Unidrive M 600;M600-104-03200E10100AB (z choperem);8 255;EUR
Unidrive M 600;M600-094-02000E10100AN (bez chopera);5 989;EUR
Unidrive M 600;M600-094-02240E10100AN (bez chopera);6 748;EUR
Unidrive M 600;M600-104-02700E10100AN (bez chopera);7 141;EUR
Unidrive M 600;M600-104-03200E10100AN (bez chopera);7 730;EUR
Unidrive M 600;M600-055-00030A10;1 204;EUR
Unidrive M 600;M600-055-00040A10;1 212;EUR
Unidrive M 600;M600-055-00069A10;1 229;EUR
Unidrive M 600;M600-065-00100A10;1 429;EUR
Unidrive M 600;M600-065-00150A10;1 582;EUR
Unidrive M 600;M600-065-00190A10;1 735;EUR
Unidrive M 600;M600-065-00230A10;2 291;EUR
Unidrive M 600;M600-065-00290A10;2 447;EUR
Unidrive M 600;M600-065-00350A10;2 933;EUR
Unidrive M 600;M600-075-00440A10;3 768;EUR
Unidrive M 600;M600-075-00550A10;4 352;EUR
Unidrive M 600;M600-085-00630A10;4 842;EUR
Unidrive M 600;M600-085-00860A10;5 671;EUR
Unidrive M 600;M600-095-01040A10;6 189;EUR
Unidrive M 600;M600-095-01310A10;6 880;EUR
Unidrive M 600;M600-095-01040E10100AB (z choperem);6 603;EUR
Unidrive M 600;M600-095-01310E10100AB (z choperem);7 006;EUR
Unidrive M 600;M600-105-01520E10100AB (z choperem);7 062;EUR
Unidrive M 600;M600-105-01900E10100AB (z choperem);7 657;EUR
Unidrive M 600;M600-095-01040E10100AN (bez chopera);6 220;EUR
Unidrive M 600;M600-095-01310E10100AN (bez chopera);6 679;EUR
Unidrive M 600;M600-105-01520E10100AN (bez chopera);6 641;EUR
Unidrive M 600;M600-105-01900E10100AN (bez chopera);7 187;EUR
Unidrive M 600;M600-076-00190A10;2 676;EUR
Unidrive M 600;M600-076-00240A10;2 892;EUR
Unidrive M 600;M600-076-00290A10;3 046;EUR
Unidrive M 600;M600-076-00380A10;3 404;EUR
Unidrive M 600;M600-076-00440A10;3 833;EUR
Unidrive M 600;M600-076-00540A10;4 405;EUR
Unidrive M 600;M600-086-00630A10;4 842;EUR
Unidrive M 600;M600-086-00860A10;5 671;EUR
Unidrive M 600;M600-096-01040A10;6 189;EUR
Unidrive M 600;M600-096-01310A10;6 880;EUR
Unidrive M 600;M600-096-01040E10100AB (z choperem);6 603;EUR
Unidrive M 600;M600-096-01310E10100AB (z choperem);7 006;EUR
Unidrive M 600;M600-106-01500E10100AB (z choperem);7 062;EUR
Unidrive M 600;M600-106-01780E10100AB (z choperem);7 657;EUR
Unidrive M 600;M600-096-01040E10100AN (bez chopera);6 220;EUR
Unidrive M 600;M600-096-01310E10100AN (bez chopera);6 679;EUR
Unidrive M 600;M600-106-01500E10100AN (bez chopera);6 641;EUR
Unidrive M 600;M600-106-01780E10100AN (bez chopera);7 187;EUR
Unidrive M 800;M800-032-00050A10;1 008;EUR
Unidrive M 800;M800-032-00066A10;1 054;EUR
Unidrive M 800;M800-032-00080A10;1 100;EUR
Unidrive M 800;M800-032-00106A10;1 212;EUR
Unidrive M 800;M800-042-00137A10;1 278;EUR
Unidrive M 800;M800-042-00185A10;1 313;EUR
Unidrive M 800;M800-052-00250A10;1 567;EUR
Unidrive M 800;M800-062-00330A10;2 089;EUR
Unidrive M 800;M800-062-00440A10;2 306;EUR
Unidrive M 800;M800-072-00610A10;2 758;EUR
Unidrive M 800;M800-072-00750A10;2 935;EUR
Unidrive M 800;M800-072-00830A10;3 092;EUR
Unidrive M 800;M800-082-01160A10;4 458;EUR
Unidrive M 800;M800-082-01320A10;5 387;EUR
Unidrive M 800;M800-092-01760A10;6 638;EUR
Unidrive M 800;M800-092-02190A10;7 443;EUR
Unidrive M 800;M800-092-01760E10100AB (z choperem);7 009;EUR
Unidrive M 800;M800-092-02190E10100AB (z choperem);7 718;EUR
Unidrive M 800;M800-102-02830E10100AB (z choperem);8 256;EUR
Unidrive M 800;M800-102-03000E10100AB (z choperem);8 849;EUR
Unidrive M 800;M800-092-01760E10100AN (bez chopera);6 626;EUR
Unidrive M 800;M800-092-02190E10100AN (bez chopera);7 273;EUR
Unidrive M 800;M800-102-02830E10100AN (bez chopera);7 763;EUR
Unidrive M 800;M800-102-03000E10100AN (bez chopera);8 301;EUR
Unidrive M 800;M800-034-00025A10;1 082;EUR
Unidrive M 800;M800-034-00031A10;1 105;EUR
Unidrive M 800;M800-034-00045A10;1 125;EUR
Unidrive M 800;M800-034-00062A10;1 221;EUR
Unidrive M 800;M800-034-00078A10;1 280;EUR
Unidrive M 800;M800-034-00100A10;1 336;EUR
Unidrive M 800;M800-044-00150A10;1 567;EUR
Unidrive M 800;M800-044-00172A10;1 630;EUR
Unidrive M 800;M800-054-00270A10;1 871;EUR
Unidrive M 800;M800-054-00300A10;2 227;EUR
Unidrive M 800;M800-064-00350A10;2 402;EUR
Unidrive M 800;M800-064-00420A10;2 607;EUR
Unidrive M 800;M800-064-00470A10;2 815;EUR
Unidrive M 800;M800-074-00660A10;3 450;EUR
Unidrive M 800;M800-074-00770A10;4 054;EUR
Unidrive M 800;M800-074-01000A10;4 621;EUR
Unidrive M 800;M800-084-01340A10;5 448;EUR
Unidrive M 800;M800-084-01570A10;6 225;EUR
Unidrive M 800;M800-094-02000A10;6 831;EUR
Unidrive M 800;M800-094-02240A10;8 045;EUR
Unidrive M 800;M800-094-02000E10100AB (z choperem);7 060;EUR
Unidrive M 800;M800-094-02240E10100AB (z choperem);7 875;EUR
Unidrive M 800;M800-104-02700E10100AB (z choperem);8 256;EUR
Unidrive M 800;M800-104-03200E10100AB (z choperem);8 849;EUR
Unidrive M 800;M800-094-02000E10100AN (bez chopera);6 672;EUR
Unidrive M 800;M800-094-02240E10100AN (bez chopera);7 416;EUR
Unidrive M 800;M800-104-02700E10100AN (bez chopera);7 763;EUR
Unidrive M 800;M800-104-03200E10100AN (bez chopera);8 301;EUR
Unidrive M 800;M800-055-00030A10;1 707;EUR
Unidrive M 800;M800-055-00040A10;1 716;EUR
Unidrive M 800;M800-055-00069A10;1 739;EUR
Unidrive M 800;M800-065-00100A10;1 961;EUR
Unidrive M 800;M800-065-00150A10;2 126;EUR
Unidrive M 800;M800-065-00190A10;2 293;EUR
Unidrive M 800;M800-065-00230A10;2 895;EUR
Unidrive M 800;M800-065-00290A10;3 054;EUR
Unidrive M 800;M800-065-00350A10;3 577;EUR
Unidrive M 800;M800-075-00440A10;4 483;EUR
Unidrive M 800;M800-075-00550A10;5 093;EUR
Unidrive M 800;M800-085-00630A10;5 590;EUR
Unidrive M 800;M800-085-00860A10;6 443;EUR
Unidrive M 800;M800-095-01040A10;6 949;EUR
Unidrive M 800;M800-095-01310A10;7 624;EUR
Unidrive M 800;M800-095-01040E10100AB (z choperem);7 329;EUR
Unidrive M 800;M800-095-01310E10100AB (z choperem);7 591;EUR
Unidrive M 800;M800-105-01520E10100AB (z choperem);7 677;EUR
Unidrive M 800;M800-105-01900E10100AB (z choperem);8 227;EUR
Unidrive M 800;M800-095-01040E10100AN (bez chopera);6 920;EUR
Unidrive M 800;M800-095-01310E10100AN (bez chopera);7 156;EUR
Unidrive M 800;M800-105-01520E10100AN (bez chopera);7 235;EUR
Unidrive M 800;M800-105-01900E10100AN (bez chopera);7 736;EUR
Unidrive M 800;M800-076-00190A10;3 394;EUR
Unidrive M 800;M800-076-00240A10;3 717;EUR
Unidrive M 800;M800-076-00290A10;3 796;EUR
Unidrive M 800;M800-076-00380A10;4 156;EUR
Unidrive M 800;M800-076-00440A10;4 526;EUR
Unidrive M 800;M800-076-00540A10;5 162;EUR
Unidrive M 800;M800-086-00630A10;5 590;EUR
Unidrive M 800;M800-086-00860A10;6 443;EUR
Unidrive M 800;M800-096-01040A10;6 949;EUR
Unidrive M 800;M800-096-01310A10;7 624;EUR
Unidrive M 800;M800-096-01040E10100AB (z choperem);7 329;EUR
Unidrive M 800;M800-096-01310E10100AB (z choperem);7 591;EUR
Unidrive M 800;M800-106-01500E10100AB (z choperem);7 677;EUR
Unidrive M 800;M800-106-01780E10100AB (z choperem);8 227;EUR
Unidrive M 800;M800-096-01040E10100AN (bez chopera);6 920;EUR
Unidrive M 800;M800-096-01310E10100AN (bez chopera);7 156;EUR
Unidrive M 800;M800-106-01500E10100AN (bez chopera);7 235;EUR
Unidrive M 800;M800-106-01780E10100AN (bez chopera);7 736;EUR
Filtry RFI ;4200-4002;69;EUR
Filtry RFI ;4200-2300;114;EUR
Unidrive M 200;M200-07400660;2 607;EUR
Unidrive M 200;M200-07400770;2 883;EUR
Unidrive M 200;M200-07401000;3 689;EUR
Unidrive M 200;M200-08401340;4 620;EUR
Unidrive M 200;M200-08401570;5 366;EUR
Unidrive M 200;M200-09402000A;5 960;EUR
Unidrive M 200;M200-09402240A;7 161;EUR
Unidrive M 200;M200-07500440;3 363;EUR
Unidrive M 200;M200-07500550;3 887;EUR
Unidrive M 200;M200-08500630;4 938;EUR
Unidrive M 200;M200-08500860;5 780;EUR
Unidrive M 200;M200-09501040A;6 671;EUR
Unidrive M 200;M200-09501310A;7 732;EUR
Unidrive M 300;M300-07400660;2 747;EUR
Unidrive M 300;M300-07400770;3 021;EUR
Unidrive M 300;M300-07401000;3 828;EUR
Unidrive M 300;M300-08401340;4 759;EUR
Unidrive M 300;M300-08401570;5 504;EUR
Unidrive M 300;M300-09402000A;6 098;EUR
Unidrive M 300;M300-09402240A;7 300;EUR
Unidrive M 300;M300-07500440;3 501;EUR
Unidrive M 300;M300-07500550;4 026;EUR
Unidrive M 300;M300-08500630;5 077;EUR
Unidrive M 300;M300-08500860;5 919;EUR
Unidrive M 300;M300-09501040A;6 810;EUR
Unidrive M 300;M300-09501310A;7 871;EUR
